course_number,course_code,course_slug,school,module_order,title,asset_type,path,version,language,publication_status
1,SWP-001,foundations-of-child-protection,School of Child & Family Welfare,,Foundations of Child Protection learner guide DOCX,learner_guide,docx/01-foundations-of-child-protection-learner-guide.docx,1.0.0,en,in_review
1,SWP-001,foundations-of-child-protection,School of Child & Family Welfare,,Foundations of Child Protection practice worksheet DOCX,worksheet,docx/01-foundations-of-child-protection-practice-worksheet.docx,1.0.0,en,in_review
1,SWP-001,foundations-of-child-protection,School of Child & Family Welfare,1,Foundations of Child Protection module 1 video plan and transcript DOCX,transcript,docx/01-foundations-of-child-protection-module-1-video-plan-transcript.docx,1.0.0,en,in_review
1,SWP-001,foundations-of-child-protection,School of Child & Family Welfare,2,Foundations of Child Protection module 2 video plan and transcript DOCX,transcript,docx/01-foundations-of-child-protection-module-2-video-plan-transcript.docx,1.0.0,en,in_review
1,SWP-001,foundations-of-child-protection,School of Child & Family Welfare,3,Foundations of Child Protection module 3 video plan and transcript DOCX,transcript,docx/01-foundations-of-child-protection-module-3-video-plan-transcript.docx,1.0.0,en,in_review
2,SWP-002,family-preservation-and-kinship-care,School of Child & Family Welfare,,Family Preservation & Kinship Care learner guide DOCX,learner_guide,docx/02-family-preservation-and-kinship-care-learner-guide.docx,1.0.0,en,in_review
2,SWP-002,family-preservation-and-kinship-care,School of Child & Family Welfare,,Family Preservation & Kinship Care practice worksheet DOCX,worksheet,docx/02-family-preservation-and-kinship-care-practice-worksheet.docx,1.0.0,en,in_review
2,SWP-002,family-preservation-and-kinship-care,School of Child & Family Welfare,1,Family Preservation & Kinship Care module 1 video plan and transcript DOCX,transcript,docx/02-family-preservation-and-kinship-care-module-1-video-plan-transcript.docx,1.0.0,en,in_review
2,SWP-002,family-preservation-and-kinship-care,School of Child & Family Welfare,2,Family Preservation & Kinship Care module 2 video plan and transcript DOCX,transcript,docx/02-family-preservation-and-kinship-care-module-2-video-plan-transcript.docx,1.0.0,en,in_review
2,SWP-002,family-preservation-and-kinship-care,School of Child & Family Welfare,3,Family Preservation & Kinship Care module 3 video plan and transcript DOCX,transcript,docx/02-family-preservation-and-kinship-care-module-3-video-plan-transcript.docx,1.0.0,en,in_review
3,SWP-003,permanency-planning-and-reunification,School of Child & Family Welfare,,Permanency Planning & Reunification learner guide DOCX,learner_guide,docx/03-permanency-planning-and-reunification-learner-guide.docx,1.0.0,en,in_review
3,SWP-003,permanency-planning-and-reunification,School of Child & Family Welfare,,Permanency Planning & Reunification practice worksheet DOCX,worksheet,docx/03-permanency-planning-and-reunification-practice-worksheet.docx,1.0.0,en,in_review
3,SWP-003,permanency-planning-and-reunification,School of Child & Family Welfare,1,Permanency Planning & Reunification module 1 video plan and transcript DOCX,transcript,docx/03-permanency-planning-and-reunification-module-1-video-plan-transcript.docx,1.0.0,en,in_review
3,SWP-003,permanency-planning-and-reunification,School of Child & Family Welfare,2,Permanency Planning & Reunification module 2 video plan and transcript DOCX,transcript,docx/03-permanency-planning-and-reunification-module-2-video-plan-transcript.docx,1.0.0,en,in_review
3,SWP-003,permanency-planning-and-reunification,School of Child & Family Welfare,3,Permanency Planning & Reunification module 3 video plan and transcript DOCX,transcript,docx/03-permanency-planning-and-reunification-module-3-video-plan-transcript.docx,1.0.0,en,in_review
4,SWP-004,biopsychosocial-assessment,School of Mental Health & Clinical Practice,,Biopsychosocial Assessment learner guide DOCX,learner_guide,docx/04-biopsychosocial-assessment-learner-guide.docx,1.0.0,en,in_review
4,SWP-004,biopsychosocial-assessment,School of Mental Health & Clinical Practice,,Biopsychosocial Assessment practice worksheet DOCX,worksheet,docx/04-biopsychosocial-assessment-practice-worksheet.docx,1.0.0,en,in_review
4,SWP-004,biopsychosocial-assessment,School of Mental Health & Clinical Practice,1,Biopsychosocial Assessment module 1 video plan and transcript DOCX,transcript,docx/04-biopsychosocial-assessment-module-1-video-plan-transcript.docx,1.0.0,en,in_review
4,SWP-004,biopsychosocial-assessment,School of Mental Health & Clinical Practice,2,Biopsychosocial Assessment module 2 video plan and transcript DOCX,transcript,docx/04-biopsychosocial-assessment-module-2-video-plan-transcript.docx,1.0.0,en,in_review
4,SWP-004,biopsychosocial-assessment,School of Mental Health & Clinical Practice,3,Biopsychosocial Assessment module 3 video plan and transcript DOCX,transcript,docx/04-biopsychosocial-assessment-module-3-video-plan-transcript.docx,1.0.0,en,in_review
5,SWP-005,cognitive-behavioral-therapy-foundations,School of Mental Health & Clinical Practice,,Cognitive Behavioral Therapy Foundations learner guide DOCX,learner_guide,docx/05-cognitive-behavioral-therapy-foundations-learner-guide.docx,1.0.0,en,in_review
5,SWP-005,cognitive-behavioral-therapy-foundations,School of Mental Health & Clinical Practice,,Cognitive Behavioral Therapy Foundations practice worksheet DOCX,worksheet,docx/05-cognitive-behavioral-therapy-foundations-practice-worksheet.docx,1.0.0,en,in_review
5,SWP-005,cognitive-behavioral-therapy-foundations,School of Mental Health & Clinical Practice,1,Cognitive Behavioral Therapy Foundations module 1 video plan and transcript DOCX,transcript,docx/05-cognitive-behavioral-therapy-foundations-module-1-video-plan-transcript.docx,1.0.0,en,in_review
5,SWP-005,cognitive-behavioral-therapy-foundations,School of Mental Health & Clinical Practice,2,Cognitive Behavioral Therapy Foundations module 2 video plan and transcript DOCX,transcript,docx/05-cognitive-behavioral-therapy-foundations-module-2-video-plan-transcript.docx,1.0.0,en,in_review
5,SWP-005,cognitive-behavioral-therapy-foundations,School of Mental Health & Clinical Practice,3,Cognitive Behavioral Therapy Foundations module 3 video plan and transcript DOCX,transcript,docx/05-cognitive-behavioral-therapy-foundations-module-3-video-plan-transcript.docx,1.0.0,en,in_review
6,SWP-006,crisis-stabilization-and-safety-planning,School of Mental Health & Clinical Practice,,Crisis Stabilization & Safety Planning learner guide DOCX,learner_guide,docx/06-crisis-stabilization-and-safety-planning-learner-guide.docx,1.0.0,en,in_review
6,SWP-006,crisis-stabilization-and-safety-planning,School of Mental Health & Clinical Practice,,Crisis Stabilization & Safety Planning practice worksheet DOCX,worksheet,docx/06-crisis-stabilization-and-safety-planning-practice-worksheet.docx,1.0.0,en,in_review
6,SWP-006,crisis-stabilization-and-safety-planning,School of Mental Health & Clinical Practice,1,Crisis Stabilization & Safety Planning module 1 video plan and transcript DOCX,transcript,docx/06-crisis-stabilization-and-safety-planning-module-1-video-plan-transcript.docx,1.0.0,en,in_review
6,SWP-006,crisis-stabilization-and-safety-planning,School of Mental Health & Clinical Practice,2,Crisis Stabilization & Safety Planning module 2 video plan and transcript DOCX,transcript,docx/06-crisis-stabilization-and-safety-planning-module-2-video-plan-transcript.docx,1.0.0,en,in_review
6,SWP-006,crisis-stabilization-and-safety-planning,School of Mental Health & Clinical Practice,3,Crisis Stabilization & Safety Planning module 3 video plan and transcript DOCX,transcript,docx/06-crisis-stabilization-and-safety-planning-module-3-video-plan-transcript.docx,1.0.0,en,in_review
7,SWP-007,screening-and-brief-intervention-sbirt,School of Substance Use & Addiction Recovery,,Screening & Brief Intervention (SBIRT) learner guide DOCX,learner_guide,docx/07-screening-and-brief-intervention-sbirt-learner-guide.docx,1.0.0,en,in_review
7,SWP-007,screening-and-brief-intervention-sbirt,School of Substance Use & Addiction Recovery,,Screening & Brief Intervention (SBIRT) practice worksheet DOCX,worksheet,docx/07-screening-and-brief-intervention-sbirt-practice-worksheet.docx,1.0.0,en,in_review
7,SWP-007,screening-and-brief-intervention-sbirt,School of Substance Use & Addiction Recovery,1,Screening & Brief Intervention (SBIRT) module 1 video plan and transcript DOCX,transcript,docx/07-screening-and-brief-intervention-sbirt-module-1-video-plan-transcript.docx,1.0.0,en,in_review
7,SWP-007,screening-and-brief-intervention-sbirt,School of Substance Use & Addiction Recovery,2,Screening & Brief Intervention (SBIRT) module 2 video plan and transcript DOCX,transcript,docx/07-screening-and-brief-intervention-sbirt-module-2-video-plan-transcript.docx,1.0.0,en,in_review
7,SWP-007,screening-and-brief-intervention-sbirt,School of Substance Use & Addiction Recovery,3,Screening & Brief Intervention (SBIRT) module 3 video plan and transcript DOCX,transcript,docx/07-screening-and-brief-intervention-sbirt-module-3-video-plan-transcript.docx,1.0.0,en,in_review
8,SWP-008,motivational-interviewing,School of Substance Use & Addiction Recovery,,Motivational Interviewing learner guide DOCX,learner_guide,docx/08-motivational-interviewing-learner-guide.docx,1.0.0,en,in_review
8,SWP-008,motivational-interviewing,School of Substance Use & Addiction Recovery,,Motivational Interviewing practice worksheet DOCX,worksheet,docx/08-motivational-interviewing-practice-worksheet.docx,1.0.0,en,in_review
8,SWP-008,motivational-interviewing,School of Substance Use & Addiction Recovery,1,Motivational Interviewing module 1 video plan and transcript DOCX,transcript,docx/08-motivational-interviewing-module-1-video-plan-transcript.docx,1.0.0,en,in_review
8,SWP-008,motivational-interviewing,School of Substance Use & Addiction Recovery,2,Motivational Interviewing module 2 video plan and transcript DOCX,transcript,docx/08-motivational-interviewing-module-2-video-plan-transcript.docx,1.0.0,en,in_review
8,SWP-008,motivational-interviewing,School of Substance Use & Addiction Recovery,3,Motivational Interviewing module 3 video plan and transcript DOCX,transcript,docx/08-motivational-interviewing-module-3-video-plan-transcript.docx,1.0.0,en,in_review
9,SWP-009,recovery-oriented-systems-of-care,School of Substance Use & Addiction Recovery,,Recovery-Oriented Systems of Care learner guide DOCX,learner_guide,docx/09-recovery-oriented-systems-of-care-learner-guide.docx,1.0.0,en,in_review
9,SWP-009,recovery-oriented-systems-of-care,School of Substance Use & Addiction Recovery,,Recovery-Oriented Systems of Care practice worksheet DOCX,worksheet,docx/09-recovery-oriented-systems-of-care-practice-worksheet.docx,1.0.0,en,in_review
9,SWP-009,recovery-oriented-systems-of-care,School of Substance Use & Addiction Recovery,1,Recovery-Oriented Systems of Care module 1 video plan and transcript DOCX,transcript,docx/09-recovery-oriented-systems-of-care-module-1-video-plan-transcript.docx,1.0.0,en,in_review
9,SWP-009,recovery-oriented-systems-of-care,School of Substance Use & Addiction Recovery,2,Recovery-Oriented Systems of Care module 2 video plan and transcript DOCX,transcript,docx/09-recovery-oriented-systems-of-care-module-2-video-plan-transcript.docx,1.0.0,en,in_review
9,SWP-009,recovery-oriented-systems-of-care,School of Substance Use & Addiction Recovery,3,Recovery-Oriented Systems of Care module 3 video plan and transcript DOCX,transcript,docx/09-recovery-oriented-systems-of-care-module-3-video-plan-transcript.docx,1.0.0,en,in_review
10,SWP-010,aging-in-place-and-independent-living,School of Gerontology & Aging Services,,Aging in Place & Independent Living learner guide DOCX,learner_guide,docx/10-aging-in-place-and-independent-living-learner-guide.docx,1.0.0,en,in_review
10,SWP-010,aging-in-place-and-independent-living,School of Gerontology & Aging Services,,Aging in Place & Independent Living practice worksheet DOCX,worksheet,docx/10-aging-in-place-and-independent-living-practice-worksheet.docx,1.0.0,en,in_review
10,SWP-010,aging-in-place-and-independent-living,School of Gerontology & Aging Services,1,Aging in Place & Independent Living module 1 video plan and transcript DOCX,transcript,docx/10-aging-in-place-and-independent-living-module-1-video-plan-transcript.docx,1.0.0,en,in_review
10,SWP-010,aging-in-place-and-independent-living,School of Gerontology & Aging Services,2,Aging in Place & Independent Living module 2 video plan and transcript DOCX,transcript,docx/10-aging-in-place-and-independent-living-module-2-video-plan-transcript.docx,1.0.0,en,in_review
10,SWP-010,aging-in-place-and-independent-living,School of Gerontology & Aging Services,3,Aging in Place & Independent Living module 3 video plan and transcript DOCX,transcript,docx/10-aging-in-place-and-independent-living-module-3-video-plan-transcript.docx,1.0.0,en,in_review
11,SWP-011,dementia-care-and-caregiver-support,School of Gerontology & Aging Services,,Dementia Care & Caregiver Support learner guide DOCX,learner_guide,docx/11-dementia-care-and-caregiver-support-learner-guide.docx,1.0.0,en,in_review
11,SWP-011,dementia-care-and-caregiver-support,School of Gerontology & Aging Services,,Dementia Care & Caregiver Support practice worksheet DOCX,worksheet,docx/11-dementia-care-and-caregiver-support-practice-worksheet.docx,1.0.0,en,in_review
11,SWP-011,dementia-care-and-caregiver-support,School of Gerontology & Aging Services,1,Dementia Care & Caregiver Support module 1 video plan and transcript DOCX,transcript,docx/11-dementia-care-and-caregiver-support-module-1-video-plan-transcript.docx,1.0.0,en,in_review
11,SWP-011,dementia-care-and-caregiver-support,School of Gerontology & Aging Services,2,Dementia Care & Caregiver Support module 2 video plan and transcript DOCX,transcript,docx/11-dementia-care-and-caregiver-support-module-2-video-plan-transcript.docx,1.0.0,en,in_review
11,SWP-011,dementia-care-and-caregiver-support,School of Gerontology & Aging Services,3,Dementia Care & Caregiver Support module 3 video plan and transcript DOCX,transcript,docx/11-dementia-care-and-caregiver-support-module-3-video-plan-transcript.docx,1.0.0,en,in_review
12,SWP-012,elder-abuse-prevention-and-long-term-care-advocacy,School of Gerontology & Aging Services,,Elder Abuse Prevention & Long-Term Care Advocacy learner guide DOCX,learner_guide,docx/12-elder-abuse-prevention-and-long-term-care-advocacy-learner-guide.docx,1.0.0,en,in_review
12,SWP-012,elder-abuse-prevention-and-long-term-care-advocacy,School of Gerontology & Aging Services,,Elder Abuse Prevention & Long-Term Care Advocacy practice worksheet DOCX,worksheet,docx/12-elder-abuse-prevention-and-long-term-care-advocacy-practice-worksheet.docx,1.0.0,en,in_review
12,SWP-012,elder-abuse-prevention-and-long-term-care-advocacy,School of Gerontology & Aging Services,1,Elder Abuse Prevention & Long-Term Care Advocacy module 1 video plan and transcript DOCX,transcript,docx/12-elder-abuse-prevention-and-long-term-care-advocacy-module-1-video-plan-transcript.docx,1.0.0,en,in_review
12,SWP-012,elder-abuse-prevention-and-long-term-care-advocacy,School of Gerontology & Aging Services,2,Elder Abuse Prevention & Long-Term Care Advocacy module 2 video plan and transcript DOCX,transcript,docx/12-elder-abuse-prevention-and-long-term-care-advocacy-module-2-video-plan-transcript.docx,1.0.0,en,in_review
12,SWP-012,elder-abuse-prevention-and-long-term-care-advocacy,School of Gerontology & Aging Services,3,Elder Abuse Prevention & Long-Term Care Advocacy module 3 video plan and transcript DOCX,transcript,docx/12-elder-abuse-prevention-and-long-term-care-advocacy-module-3-video-plan-transcript.docx,1.0.0,en,in_review
13,SWP-013,community-needs-assessment,School of Community & Macro Practice,,Community Needs Assessment learner guide DOCX,learner_guide,docx/13-community-needs-assessment-learner-guide.docx,1.0.0,en,in_review
13,SWP-013,community-needs-assessment,School of Community & Macro Practice,,Community Needs Assessment practice worksheet DOCX,worksheet,docx/13-community-needs-assessment-practice-worksheet.docx,1.0.0,en,in_review
13,SWP-013,community-needs-assessment,School of Community & Macro Practice,1,Community Needs Assessment module 1 video plan and transcript DOCX,transcript,docx/13-community-needs-assessment-module-1-video-plan-transcript.docx,1.0.0,en,in_review
13,SWP-013,community-needs-assessment,School of Community & Macro Practice,2,Community Needs Assessment module 2 video plan and transcript DOCX,transcript,docx/13-community-needs-assessment-module-2-video-plan-transcript.docx,1.0.0,en,in_review
13,SWP-013,community-needs-assessment,School of Community & Macro Practice,3,Community Needs Assessment module 3 video plan and transcript DOCX,transcript,docx/13-community-needs-assessment-module-3-video-plan-transcript.docx,1.0.0,en,in_review
14,SWP-014,community-organizing-and-coalition-building,School of Community & Macro Practice,,Community Organizing & Coalition Building learner guide DOCX,learner_guide,docx/14-community-organizing-and-coalition-building-learner-guide.docx,1.0.0,en,in_review
14,SWP-014,community-organizing-and-coalition-building,School of Community & Macro Practice,,Community Organizing & Coalition Building practice worksheet DOCX,worksheet,docx/14-community-organizing-and-coalition-building-practice-worksheet.docx,1.0.0,en,in_review
14,SWP-014,community-organizing-and-coalition-building,School of Community & Macro Practice,1,Community Organizing & Coalition Building module 1 video plan and transcript DOCX,transcript,docx/14-community-organizing-and-coalition-building-module-1-video-plan-transcript.docx,1.0.0,en,in_review
14,SWP-014,community-organizing-and-coalition-building,School of Community & Macro Practice,2,Community Organizing & Coalition Building module 2 video plan and transcript DOCX,transcript,docx/14-community-organizing-and-coalition-building-module-2-video-plan-transcript.docx,1.0.0,en,in_review
14,SWP-014,community-organizing-and-coalition-building,School of Community & Macro Practice,3,Community Organizing & Coalition Building module 3 video plan and transcript DOCX,transcript,docx/14-community-organizing-and-coalition-building-module-3-video-plan-transcript.docx,1.0.0,en,in_review
15,SWP-015,program-development-and-evaluation,School of Community & Macro Practice,,Program Development & Evaluation learner guide DOCX,learner_guide,docx/15-program-development-and-evaluation-learner-guide.docx,1.0.0,en,in_review
15,SWP-015,program-development-and-evaluation,School of Community & Macro Practice,,Program Development & Evaluation practice worksheet DOCX,worksheet,docx/15-program-development-and-evaluation-practice-worksheet.docx,1.0.0,en,in_review
15,SWP-015,program-development-and-evaluation,School of Community & Macro Practice,1,Program Development & Evaluation module 1 video plan and transcript DOCX,transcript,docx/15-program-development-and-evaluation-module-1-video-plan-transcript.docx,1.0.0,en,in_review
15,SWP-015,program-development-and-evaluation,School of Community & Macro Practice,2,Program Development & Evaluation module 2 video plan and transcript DOCX,transcript,docx/15-program-development-and-evaluation-module-2-video-plan-transcript.docx,1.0.0,en,in_review
15,SWP-015,program-development-and-evaluation,School of Community & Macro Practice,3,Program Development & Evaluation module 3 video plan and transcript DOCX,transcript,docx/15-program-development-and-evaluation-module-3-video-plan-transcript.docx,1.0.0,en,in_review
16,SWP-016,hospital-discharge-planning,School of Medical & Health Social Work,,Hospital Discharge Planning learner guide DOCX,learner_guide,docx/16-hospital-discharge-planning-learner-guide.docx,1.0.0,en,in_review
16,SWP-016,hospital-discharge-planning,School of Medical & Health Social Work,,Hospital Discharge Planning practice worksheet DOCX,worksheet,docx/16-hospital-discharge-planning-practice-worksheet.docx,1.0.0,en,in_review
16,SWP-016,hospital-discharge-planning,School of Medical & Health Social Work,1,Hospital Discharge Planning module 1 video plan and transcript DOCX,transcript,docx/16-hospital-discharge-planning-module-1-video-plan-transcript.docx,1.0.0,en,in_review
16,SWP-016,hospital-discharge-planning,School of Medical & Health Social Work,2,Hospital Discharge Planning module 2 video plan and transcript DOCX,transcript,docx/16-hospital-discharge-planning-module-2-video-plan-transcript.docx,1.0.0,en,in_review
16,SWP-016,hospital-discharge-planning,School of Medical & Health Social Work,3,Hospital Discharge Planning module 3 video plan and transcript DOCX,transcript,docx/16-hospital-discharge-planning-module-3-video-plan-transcript.docx,1.0.0,en,in_review
17,SWP-017,chronic-illness-and-adherence-support,School of Medical & Health Social Work,,Chronic Illness & Adherence Support learner guide DOCX,learner_guide,docx/17-chronic-illness-and-adherence-support-learner-guide.docx,1.0.0,en,in_review
17,SWP-017,chronic-illness-and-adherence-support,School of Medical & Health Social Work,,Chronic Illness & Adherence Support practice worksheet DOCX,worksheet,docx/17-chronic-illness-and-adherence-support-practice-worksheet.docx,1.0.0,en,in_review
17,SWP-017,chronic-illness-and-adherence-support,School of Medical & Health Social Work,1,Chronic Illness & Adherence Support module 1 video plan and transcript DOCX,transcript,docx/17-chronic-illness-and-adherence-support-module-1-video-plan-transcript.docx,1.0.0,en,in_review
17,SWP-017,chronic-illness-and-adherence-support,School of Medical & Health Social Work,2,Chronic Illness & Adherence Support module 2 video plan and transcript DOCX,transcript,docx/17-chronic-illness-and-adherence-support-module-2-video-plan-transcript.docx,1.0.0,en,in_review
17,SWP-017,chronic-illness-and-adherence-support,School of Medical & Health Social Work,3,Chronic Illness & Adherence Support module 3 video plan and transcript DOCX,transcript,docx/17-chronic-illness-and-adherence-support-module-3-video-plan-transcript.docx,1.0.0,en,in_review
18,SWP-018,interdisciplinary-collaboration-in-healthcare,School of Medical & Health Social Work,,Interdisciplinary Collaboration in Healthcare learner guide DOCX,learner_guide,docx/18-interdisciplinary-collaboration-in-healthcare-learner-guide.docx,1.0.0,en,in_review
18,SWP-018,interdisciplinary-collaboration-in-healthcare,School of Medical & Health Social Work,,Interdisciplinary Collaboration in Healthcare practice worksheet DOCX,worksheet,docx/18-interdisciplinary-collaboration-in-healthcare-practice-worksheet.docx,1.0.0,en,in_review
18,SWP-018,interdisciplinary-collaboration-in-healthcare,School of Medical & Health Social Work,1,Interdisciplinary Collaboration in Healthcare module 1 video plan and transcript DOCX,transcript,docx/18-interdisciplinary-collaboration-in-healthcare-module-1-video-plan-transcript.docx,1.0.0,en,in_review
18,SWP-018,interdisciplinary-collaboration-in-healthcare,School of Medical & Health Social Work,2,Interdisciplinary Collaboration in Healthcare module 2 video plan and transcript DOCX,transcript,docx/18-interdisciplinary-collaboration-in-healthcare-module-2-video-plan-transcript.docx,1.0.0,en,in_review
18,SWP-018,interdisciplinary-collaboration-in-healthcare,School of Medical & Health Social Work,3,Interdisciplinary Collaboration in Healthcare module 3 video plan and transcript DOCX,transcript,docx/18-interdisciplinary-collaboration-in-healthcare-module-3-video-plan-transcript.docx,1.0.0,en,in_review
19,SWP-019,student-support-and-attendance,School of School Social Work,,Student Support & Attendance learner guide DOCX,learner_guide,docx/19-student-support-and-attendance-learner-guide.docx,1.0.0,en,in_review
19,SWP-019,student-support-and-attendance,School of School Social Work,,Student Support & Attendance practice worksheet DOCX,worksheet,docx/19-student-support-and-attendance-practice-worksheet.docx,1.0.0,en,in_review
19,SWP-019,student-support-and-attendance,School of School Social Work,1,Student Support & Attendance module 1 video plan and transcript DOCX,transcript,docx/19-student-support-and-attendance-module-1-video-plan-transcript.docx,1.0.0,en,in_review
19,SWP-019,student-support-and-attendance,School of School Social Work,2,Student Support & Attendance module 2 video plan and transcript DOCX,transcript,docx/19-student-support-and-attendance-module-2-video-plan-transcript.docx,1.0.0,en,in_review
19,SWP-019,student-support-and-attendance,School of School Social Work,3,Student Support & Attendance module 3 video plan and transcript DOCX,transcript,docx/19-student-support-and-attendance-module-3-video-plan-transcript.docx,1.0.0,en,in_review
20,SWP-020,behavioral-and-emotional-support-in-schools,School of School Social Work,,Behavioral & Emotional Support in Schools learner guide DOCX,learner_guide,docx/20-behavioral-and-emotional-support-in-schools-learner-guide.docx,1.0.0,en,in_review
20,SWP-020,behavioral-and-emotional-support-in-schools,School of School Social Work,,Behavioral & Emotional Support in Schools practice worksheet DOCX,worksheet,docx/20-behavioral-and-emotional-support-in-schools-practice-worksheet.docx,1.0.0,en,in_review
20,SWP-020,behavioral-and-emotional-support-in-schools,School of School Social Work,1,Behavioral & Emotional Support in Schools module 1 video plan and transcript DOCX,transcript,docx/20-behavioral-and-emotional-support-in-schools-module-1-video-plan-transcript.docx,1.0.0,en,in_review
20,SWP-020,behavioral-and-emotional-support-in-schools,School of School Social Work,2,Behavioral & Emotional Support in Schools module 2 video plan and transcript DOCX,transcript,docx/20-behavioral-and-emotional-support-in-schools-module-2-video-plan-transcript.docx,1.0.0,en,in_review
20,SWP-020,behavioral-and-emotional-support-in-schools,School of School Social Work,3,Behavioral & Emotional Support in Schools module 3 video plan and transcript DOCX,transcript,docx/20-behavioral-and-emotional-support-in-schools-module-3-video-plan-transcript.docx,1.0.0,en,in_review
21,SWP-021,school-wide-systems-and-policy,School of School Social Work,,School-Wide Systems & Policy learner guide DOCX,learner_guide,docx/21-school-wide-systems-and-policy-learner-guide.docx,1.0.0,en,in_review
21,SWP-021,school-wide-systems-and-policy,School of School Social Work,,School-Wide Systems & Policy practice worksheet DOCX,worksheet,docx/21-school-wide-systems-and-policy-practice-worksheet.docx,1.0.0,en,in_review
21,SWP-021,school-wide-systems-and-policy,School of School Social Work,1,School-Wide Systems & Policy module 1 video plan and transcript DOCX,transcript,docx/21-school-wide-systems-and-policy-module-1-video-plan-transcript.docx,1.0.0,en,in_review
21,SWP-021,school-wide-systems-and-policy,School of School Social Work,2,School-Wide Systems & Policy module 2 video plan and transcript DOCX,transcript,docx/21-school-wide-systems-and-policy-module-2-video-plan-transcript.docx,1.0.0,en,in_review
21,SWP-021,school-wide-systems-and-policy,School of School Social Work,3,School-Wide Systems & Policy module 3 video plan and transcript DOCX,transcript,docx/21-school-wide-systems-and-policy-module-3-video-plan-transcript.docx,1.0.0,en,in_review
22,SWP-022,foundations-of-forensic-social-work,School of Criminal Justice & Forensic Social Work,,Foundations of Forensic Social Work learner guide DOCX,learner_guide,docx/22-foundations-of-forensic-social-work-learner-guide.docx,1.0.0,en,in_review
22,SWP-022,foundations-of-forensic-social-work,School of Criminal Justice & Forensic Social Work,,Foundations of Forensic Social Work practice worksheet DOCX,worksheet,docx/22-foundations-of-forensic-social-work-practice-worksheet.docx,1.0.0,en,in_review
22,SWP-022,foundations-of-forensic-social-work,School of Criminal Justice & Forensic Social Work,1,Foundations of Forensic Social Work module 1 video plan and transcript DOCX,transcript,docx/22-foundations-of-forensic-social-work-module-1-video-plan-transcript.docx,1.0.0,en,in_review
22,SWP-022,foundations-of-forensic-social-work,School of Criminal Justice & Forensic Social Work,2,Foundations of Forensic Social Work module 2 video plan and transcript DOCX,transcript,docx/22-foundations-of-forensic-social-work-module-2-video-plan-transcript.docx,1.0.0,en,in_review
22,SWP-022,foundations-of-forensic-social-work,School of Criminal Justice & Forensic Social Work,3,Foundations of Forensic Social Work module 3 video plan and transcript DOCX,transcript,docx/22-foundations-of-forensic-social-work-module-3-video-plan-transcript.docx,1.0.0,en,in_review
23,SWP-023,diversion-programs-and-restorative-justice,School of Criminal Justice & Forensic Social Work,,Diversion Programs & Restorative Justice learner guide DOCX,learner_guide,docx/23-diversion-programs-and-restorative-justice-learner-guide.docx,1.0.0,en,in_review
23,SWP-023,diversion-programs-and-restorative-justice,School of Criminal Justice & Forensic Social Work,,Diversion Programs & Restorative Justice practice worksheet DOCX,worksheet,docx/23-diversion-programs-and-restorative-justice-practice-worksheet.docx,1.0.0,en,in_review
23,SWP-023,diversion-programs-and-restorative-justice,School of Criminal Justice & Forensic Social Work,1,Diversion Programs & Restorative Justice module 1 video plan and transcript DOCX,transcript,docx/23-diversion-programs-and-restorative-justice-module-1-video-plan-transcript.docx,1.0.0,en,in_review
23,SWP-023,diversion-programs-and-restorative-justice,School of Criminal Justice & Forensic Social Work,2,Diversion Programs & Restorative Justice module 2 video plan and transcript DOCX,transcript,docx/23-diversion-programs-and-restorative-justice-module-2-video-plan-transcript.docx,1.0.0,en,in_review
23,SWP-023,diversion-programs-and-restorative-justice,School of Criminal Justice & Forensic Social Work,3,Diversion Programs & Restorative Justice module 3 video plan and transcript DOCX,transcript,docx/23-diversion-programs-and-restorative-justice-module-3-video-plan-transcript.docx,1.0.0,en,in_review
24,SWP-024,reentry-planning-and-community-reintegration,School of Criminal Justice & Forensic Social Work,,Reentry Planning & Community Reintegration learner guide DOCX,learner_guide,docx/24-reentry-planning-and-community-reintegration-learner-guide.docx,1.0.0,en,in_review
24,SWP-024,reentry-planning-and-community-reintegration,School of Criminal Justice & Forensic Social Work,,Reentry Planning & Community Reintegration practice worksheet DOCX,worksheet,docx/24-reentry-planning-and-community-reintegration-practice-worksheet.docx,1.0.0,en,in_review
24,SWP-024,reentry-planning-and-community-reintegration,School of Criminal Justice & Forensic Social Work,1,Reentry Planning & Community Reintegration module 1 video plan and transcript DOCX,transcript,docx/24-reentry-planning-and-community-reintegration-module-1-video-plan-transcript.docx,1.0.0,en,in_review
24,SWP-024,reentry-planning-and-community-reintegration,School of Criminal Justice & Forensic Social Work,2,Reentry Planning & Community Reintegration module 2 video plan and transcript DOCX,transcript,docx/24-reentry-planning-and-community-reintegration-module-2-video-plan-transcript.docx,1.0.0,en,in_review
24,SWP-024,reentry-planning-and-community-reintegration,School of Criminal Justice & Forensic Social Work,3,Reentry Planning & Community Reintegration module 3 video plan and transcript DOCX,transcript,docx/24-reentry-planning-and-community-reintegration-module-3-video-plan-transcript.docx,1.0.0,en,in_review
25,SWP-025,disaster-preparedness-and-response-planning,School of Disaster Response & Crisis Intervention,,Disaster Preparedness & Response Planning learner guide DOCX,learner_guide,docx/25-disaster-preparedness-and-response-planning-learner-guide.docx,1.0.0,en,in_review
25,SWP-025,disaster-preparedness-and-response-planning,School of Disaster Response & Crisis Intervention,,Disaster Preparedness & Response Planning practice worksheet DOCX,worksheet,docx/25-disaster-preparedness-and-response-planning-practice-worksheet.docx,1.0.0,en,in_review
25,SWP-025,disaster-preparedness-and-response-planning,School of Disaster Response & Crisis Intervention,1,Disaster Preparedness & Response Planning module 1 video plan and transcript DOCX,transcript,docx/25-disaster-preparedness-and-response-planning-module-1-video-plan-transcript.docx,1.0.0,en,in_review
25,SWP-025,disaster-preparedness-and-response-planning,School of Disaster Response & Crisis Intervention,2,Disaster Preparedness & Response Planning module 2 video plan and transcript DOCX,transcript,docx/25-disaster-preparedness-and-response-planning-module-2-video-plan-transcript.docx,1.0.0,en,in_review
25,SWP-025,disaster-preparedness-and-response-planning,School of Disaster Response & Crisis Intervention,3,Disaster Preparedness & Response Planning module 3 video plan and transcript DOCX,transcript,docx/25-disaster-preparedness-and-response-planning-module-3-video-plan-transcript.docx,1.0.0,en,in_review
26,SWP-026,psychological-first-aid,School of Disaster Response & Crisis Intervention,,Psychological First Aid learner guide DOCX,learner_guide,docx/26-psychological-first-aid-learner-guide.docx,1.0.0,en,in_review
26,SWP-026,psychological-first-aid,School of Disaster Response & Crisis Intervention,,Psychological First Aid practice worksheet DOCX,worksheet,docx/26-psychological-first-aid-practice-worksheet.docx,1.0.0,en,in_review
26,SWP-026,psychological-first-aid,School of Disaster Response & Crisis Intervention,1,Psychological First Aid module 1 video plan and transcript DOCX,transcript,docx/26-psychological-first-aid-module-1-video-plan-transcript.docx,1.0.0,en,in_review
26,SWP-026,psychological-first-aid,School of Disaster Response & Crisis Intervention,2,Psychological First Aid module 2 video plan and transcript DOCX,transcript,docx/26-psychological-first-aid-module-2-video-plan-transcript.docx,1.0.0,en,in_review
26,SWP-026,psychological-first-aid,School of Disaster Response & Crisis Intervention,3,Psychological First Aid module 3 video plan and transcript DOCX,transcript,docx/26-psychological-first-aid-module-3-video-plan-transcript.docx,1.0.0,en,in_review
27,SWP-027,long-term-disaster-recovery-support,School of Disaster Response & Crisis Intervention,,Long-Term Disaster Recovery Support learner guide DOCX,learner_guide,docx/27-long-term-disaster-recovery-support-learner-guide.docx,1.0.0,en,in_review
27,SWP-027,long-term-disaster-recovery-support,School of Disaster Response & Crisis Intervention,,Long-Term Disaster Recovery Support practice worksheet DOCX,worksheet,docx/27-long-term-disaster-recovery-support-practice-worksheet.docx,1.0.0,en,in_review
27,SWP-027,long-term-disaster-recovery-support,School of Disaster Response & Crisis Intervention,1,Long-Term Disaster Recovery Support module 1 video plan and transcript DOCX,transcript,docx/27-long-term-disaster-recovery-support-module-1-video-plan-transcript.docx,1.0.0,en,in_review
27,SWP-027,long-term-disaster-recovery-support,School of Disaster Response & Crisis Intervention,2,Long-Term Disaster Recovery Support module 2 video plan and transcript DOCX,transcript,docx/27-long-term-disaster-recovery-support-module-2-video-plan-transcript.docx,1.0.0,en,in_review
27,SWP-027,long-term-disaster-recovery-support,School of Disaster Response & Crisis Intervention,3,Long-Term Disaster Recovery Support module 3 video plan and transcript DOCX,transcript,docx/27-long-term-disaster-recovery-support-module-3-video-plan-transcript.docx,1.0.0,en,in_review
28,SWP-028,policy-analysis-fundamentals,School of Social Policy & Advocacy,,Policy Analysis Fundamentals learner guide DOCX,learner_guide,docx/28-policy-analysis-fundamentals-learner-guide.docx,1.0.0,en,in_review
28,SWP-028,policy-analysis-fundamentals,School of Social Policy & Advocacy,,Policy Analysis Fundamentals practice worksheet DOCX,worksheet,docx/28-policy-analysis-fundamentals-practice-worksheet.docx,1.0.0,en,in_review
28,SWP-028,policy-analysis-fundamentals,School of Social Policy & Advocacy,1,Policy Analysis Fundamentals module 1 video plan and transcript DOCX,transcript,docx/28-policy-analysis-fundamentals-module-1-video-plan-transcript.docx,1.0.0,en,in_review
28,SWP-028,policy-analysis-fundamentals,School of Social Policy & Advocacy,2,Policy Analysis Fundamentals module 2 video plan and transcript DOCX,transcript,docx/28-policy-analysis-fundamentals-module-2-video-plan-transcript.docx,1.0.0,en,in_review
28,SWP-028,policy-analysis-fundamentals,School of Social Policy & Advocacy,3,Policy Analysis Fundamentals module 3 video plan and transcript DOCX,transcript,docx/28-policy-analysis-fundamentals-module-3-video-plan-transcript.docx,1.0.0,en,in_review
29,SWP-029,legislative-advocacy-and-coalition-building,School of Social Policy & Advocacy,,Legislative Advocacy & Coalition Building learner guide DOCX,learner_guide,docx/29-legislative-advocacy-and-coalition-building-learner-guide.docx,1.0.0,en,in_review
29,SWP-029,legislative-advocacy-and-coalition-building,School of Social Policy & Advocacy,,Legislative Advocacy & Coalition Building practice worksheet DOCX,worksheet,docx/29-legislative-advocacy-and-coalition-building-practice-worksheet.docx,1.0.0,en,in_review
29,SWP-029,legislative-advocacy-and-coalition-building,School of Social Policy & Advocacy,1,Legislative Advocacy & Coalition Building module 1 video plan and transcript DOCX,transcript,docx/29-legislative-advocacy-and-coalition-building-module-1-video-plan-transcript.docx,1.0.0,en,in_review
29,SWP-029,legislative-advocacy-and-coalition-building,School of Social Policy & Advocacy,2,Legislative Advocacy & Coalition Building module 2 video plan and transcript DOCX,transcript,docx/29-legislative-advocacy-and-coalition-building-module-2-video-plan-transcript.docx,1.0.0,en,in_review
29,SWP-029,legislative-advocacy-and-coalition-building,School of Social Policy & Advocacy,3,Legislative Advocacy & Coalition Building module 3 video plan and transcript DOCX,transcript,docx/29-legislative-advocacy-and-coalition-building-module-3-video-plan-transcript.docx,1.0.0,en,in_review
30,SWP-030,using-data-to-drive-policy-change,School of Social Policy & Advocacy,,Using Data to Drive Policy Change learner guide DOCX,learner_guide,docx/30-using-data-to-drive-policy-change-learner-guide.docx,1.0.0,en,in_review
30,SWP-030,using-data-to-drive-policy-change,School of Social Policy & Advocacy,,Using Data to Drive Policy Change practice worksheet DOCX,worksheet,docx/30-using-data-to-drive-policy-change-practice-worksheet.docx,1.0.0,en,in_review
30,SWP-030,using-data-to-drive-policy-change,School of Social Policy & Advocacy,1,Using Data to Drive Policy Change module 1 video plan and transcript DOCX,transcript,docx/30-using-data-to-drive-policy-change-module-1-video-plan-transcript.docx,1.0.0,en,in_review
30,SWP-030,using-data-to-drive-policy-change,School of Social Policy & Advocacy,2,Using Data to Drive Policy Change module 2 video plan and transcript DOCX,transcript,docx/30-using-data-to-drive-policy-change-module-2-video-plan-transcript.docx,1.0.0,en,in_review
30,SWP-030,using-data-to-drive-policy-change,School of Social Policy & Advocacy,3,Using Data to Drive Policy Change module 3 video plan and transcript DOCX,transcript,docx/30-using-data-to-drive-policy-change-module-3-video-plan-transcript.docx,1.0.0,en,in_review
