course_number,course_code,course_slug,school,module_order,title,asset_type,path,content_type,size_bytes,sha256,version,language,publication_status
1,SWP-001,foundations-of-child-protection,School of Child & Family Welfare,,Foundations of Child Protection learner guide DOCX,learner_guide,docx/01-foundations-of-child-protection-learner-guide.docx,application/vnd.openxmlformats-officedocument.wordprocessingml.document,39792,21f1827109ae9d173c95a5baf3d40489b687c45d22718519e82abfe3347c2138,1.0.0,en,in_review
1,SWP-001,foundations-of-child-protection,School of Child & Family Welfare,,Foundations of Child Protection learner guide PDF,learner_guide,pdf/01-foundations-of-child-protection-learner-guide.pdf,application/pdf,9345,69b03427d1d967e97f73802327bd559fa106e6157f48e83bbd1c4d1ff344b6f4,1.0.0,en,in_review
1,SWP-001,foundations-of-child-protection,School of Child & Family Welfare,,Foundations of Child Protection slide deck PPTX,slides,pptx/01-foundations-of-child-protection-course-deck.pptx,application/vnd.openxmlformats-officedocument.presentationml.presentation,2354068,76ae5a0efb48e9d01bbe6dc6b47a67d4232a7a6d6f86eb569f37932c85765160,1.0.0,en,in_review
1,SWP-001,foundations-of-child-protection,School of Child & Family Welfare,,Foundations of Child Protection practice worksheet DOCX,worksheet,docx/01-foundations-of-child-protection-practice-worksheet.docx,application/vnd.openxmlformats-officedocument.wordprocessingml.document,38902,edabf2209848385638d2b8606302d26bb9f460d8656c604d668941b44f6c8252,1.0.0,en,in_review
1,SWP-001,foundations-of-child-protection,School of Child & Family Welfare,,Foundations of Child Protection practice worksheet PDF,worksheet,pdf/01-foundations-of-child-protection-practice-worksheet.pdf,application/pdf,4442,79ba83919cd96f50dee22d4122e42a08cee82c63c7209839a140cbf63397e772,1.0.0,en,in_review
1,SWP-001,foundations-of-child-protection,School of Child & Family Welfare,1,Foundations of Child Protection module 1 video plan and transcript DOCX,transcript,docx/01-foundations-of-child-protection-module-1-video-plan-transcript.docx,application/vnd.openxmlformats-officedocument.wordprocessingml.document,39167,94e657e6597ca926ad31cd1986e4d78d8513d5bb9c3f393217ee554561b1b3e8,1.0.0,en,in_review
1,SWP-001,foundations-of-child-protection,School of Child & Family Welfare,2,Foundations of Child Protection module 2 video plan and transcript DOCX,transcript,docx/01-foundations-of-child-protection-module-2-video-plan-transcript.docx,application/vnd.openxmlformats-officedocument.wordprocessingml.document,39178,8f1571f387561f6db590d17b2831bdba303b666a63fb3609189dfda89d45327c,1.0.0,en,in_review
1,SWP-001,foundations-of-child-protection,School of Child & Family Welfare,3,Foundations of Child Protection module 3 video plan and transcript DOCX,transcript,docx/01-foundations-of-child-protection-module-3-video-plan-transcript.docx,application/vnd.openxmlformats-officedocument.wordprocessingml.document,39164,8df32ca8c2c252bdc022800b0593d6e52a764b163d0a86a5b4d0881000902e6a,1.0.0,en,in_review
2,SWP-002,family-preservation-and-kinship-care,School of Child & Family Welfare,,Family Preservation & Kinship Care learner guide DOCX,learner_guide,docx/02-family-preservation-and-kinship-care-learner-guide.docx,application/vnd.openxmlformats-officedocument.wordprocessingml.document,39758,5c6d46b3c372d1401df1f1903901dcc551d4cd9901f095405f9f979c022a531b,1.0.0,en,in_review
2,SWP-002,family-preservation-and-kinship-care,School of Child & Family Welfare,,Family Preservation & Kinship Care learner guide PDF,learner_guide,pdf/02-family-preservation-and-kinship-care-learner-guide.pdf,application/pdf,9173,d98a0ad495bffd1bf8fe07ba74f15ba0abb71a490133c4a1c554aa31f39bfbfd,1.0.0,en,in_review
2,SWP-002,family-preservation-and-kinship-care,School of Child & Family Welfare,,Family Preservation & Kinship Care slide deck PPTX,slides,pptx/02-family-preservation-and-kinship-care-course-deck.pptx,application/vnd.openxmlformats-officedocument.presentationml.presentation,2354037,3fce74eb4cc07bf8993d22c561030cd8c7065b12aaa9a2ee1c042c76ed16357e,1.0.0,en,in_review
2,SWP-002,family-preservation-and-kinship-care,School of Child & Family Welfare,,Family Preservation & Kinship Care practice worksheet DOCX,worksheet,docx/02-family-preservation-and-kinship-care-practice-worksheet.docx,application/vnd.openxmlformats-officedocument.wordprocessingml.document,38920,68da8d55f3367c7a555a3cee884ca317329e9a011aa6e8316665f0a988594e45,1.0.0,en,in_review
2,SWP-002,family-preservation-and-kinship-care,School of Child & Family Welfare,,Family Preservation & Kinship Care practice worksheet PDF,worksheet,pdf/02-family-preservation-and-kinship-care-practice-worksheet.pdf,application/pdf,4477,6c6ffafe99b396af8fef26d594f7ac4d9bf756c5308e2634941dbf7d0c607624,1.0.0,en,in_review
2,SWP-002,family-preservation-and-kinship-care,School of Child & Family Welfare,1,Family Preservation & Kinship Care module 1 video plan and transcript DOCX,transcript,docx/02-family-preservation-and-kinship-care-module-1-video-plan-transcript.docx,application/vnd.openxmlformats-officedocument.wordprocessingml.document,39174,e3984616ea25674dee3e3c3793821e18a6f216f274cf5c8a19b45a9f69cb0e63,1.0.0,en,in_review
2,SWP-002,family-preservation-and-kinship-care,School of Child & Family Welfare,2,Family Preservation & Kinship Care module 2 video plan and transcript DOCX,transcript,docx/02-family-preservation-and-kinship-care-module-2-video-plan-transcript.docx,application/vnd.openxmlformats-officedocument.wordprocessingml.document,39168,6aacc1fe99de42d90b619e12969b4476a1e567c7ac1c20e74b24d19e13d70670,1.0.0,en,in_review
2,SWP-002,family-preservation-and-kinship-care,School of Child & Family Welfare,3,Family Preservation & Kinship Care module 3 video plan and transcript DOCX,transcript,docx/02-family-preservation-and-kinship-care-module-3-video-plan-transcript.docx,application/vnd.openxmlformats-officedocument.wordprocessingml.document,39175,79ff24ea295ab2edc49c323b1c7d7adf1a59ad98b8387687123e06025c555509,1.0.0,en,in_review
3,SWP-003,permanency-planning-and-reunification,School of Child & Family Welfare,,Permanency Planning & Reunification learner guide DOCX,learner_guide,docx/03-permanency-planning-and-reunification-learner-guide.docx,application/vnd.openxmlformats-officedocument.wordprocessingml.document,39759,f54e699ca156cf20f460a6209ea67a364d7697ec318a50f20cb4fd27cc207d06,1.0.0,en,in_review
3,SWP-003,permanency-planning-and-reunification,School of Child & Family Welfare,,Permanency Planning & Reunification learner guide PDF,learner_guide,pdf/03-permanency-planning-and-reunification-learner-guide.pdf,application/pdf,9163,40b41126ec1d83b23d842cc173d28e4381991ff58734761164f6030a87f4be16,1.0.0,en,in_review
3,SWP-003,permanency-planning-and-reunification,School of Child & Family Welfare,,Permanency Planning & Reunification slide deck PPTX,slides,pptx/03-permanency-planning-and-reunification-course-deck.pptx,application/vnd.openxmlformats-officedocument.presentationml.presentation,2354046,93830585fd1952cf4fd576ad5aa4197b19ce7ea8afec9098e1e27a7d228a767f,1.0.0,en,in_review
3,SWP-003,permanency-planning-and-reunification,School of Child & Family Welfare,,Permanency Planning & Reunification practice worksheet DOCX,worksheet,docx/03-permanency-planning-and-reunification-practice-worksheet.docx,application/vnd.openxmlformats-officedocument.wordprocessingml.document,38914,db7f076b7ffb7fce655d7370eec11e76d454a5fd5c2828148be0e841212d5215,1.0.0,en,in_review
3,SWP-003,permanency-planning-and-reunification,School of Child & Family Welfare,,Permanency Planning & Reunification practice worksheet PDF,worksheet,pdf/03-permanency-planning-and-reunification-practice-worksheet.pdf,application/pdf,4456,cc0eeabf749ce3ad1019cf6212584041432a1ad9b09f9fdd95050c740b1d4bee,1.0.0,en,in_review
3,SWP-003,permanency-planning-and-reunification,School of Child & Family Welfare,1,Permanency Planning & Reunification module 1 video plan and transcript DOCX,transcript,docx/03-permanency-planning-and-reunification-module-1-video-plan-transcript.docx,application/vnd.openxmlformats-officedocument.wordprocessingml.document,39171,efee878b0ddfeafadc1e8c21e9efb00cca51f7221080e2ead3d453bd7191b644,1.0.0,en,in_review
3,SWP-003,permanency-planning-and-reunification,School of Child & Family Welfare,2,Permanency Planning & Reunification module 2 video plan and transcript DOCX,transcript,docx/03-permanency-planning-and-reunification-module-2-video-plan-transcript.docx,application/vnd.openxmlformats-officedocument.wordprocessingml.document,39174,2e5a8bc6a6737c7baa0669d9809a852dd764740abcee1403832d8113d7703641,1.0.0,en,in_review
3,SWP-003,permanency-planning-and-reunification,School of Child & Family Welfare,3,Permanency Planning & Reunification module 3 video plan and transcript DOCX,transcript,docx/03-permanency-planning-and-reunification-module-3-video-plan-transcript.docx,application/vnd.openxmlformats-officedocument.wordprocessingml.document,39181,67e405ec24a0cf3cea4a94b7c00a0d3bc2957eeb8ca4489faf2fa08f8917b843,1.0.0,en,in_review
4,SWP-004,biopsychosocial-assessment,School of Mental Health & Clinical Practice,,Biopsychosocial Assessment learner guide DOCX,learner_guide,docx/04-biopsychosocial-assessment-learner-guide.docx,application/vnd.openxmlformats-officedocument.wordprocessingml.document,39751,70f987b1105ee71406cd2fd3b8bec6a2df1164cdeaa6e276c55741b4ffbad4fc,1.0.0,en,in_review
4,SWP-004,biopsychosocial-assessment,School of Mental Health & Clinical Practice,,Biopsychosocial Assessment learner guide PDF,learner_guide,pdf/04-biopsychosocial-assessment-learner-guide.pdf,application/pdf,9145,1f070af7fab267b504b06d8c98001c74ac5d8c7f8b710780137dcb44be36c397,1.0.0,en,in_review
4,SWP-004,biopsychosocial-assessment,School of Mental Health & Clinical Practice,,Biopsychosocial Assessment slide deck PPTX,slides,pptx/04-biopsychosocial-assessment-course-deck.pptx,application/vnd.openxmlformats-officedocument.presentationml.presentation,2354016,4964442591659e88d1f14245a1aeb4d17ce48328bbf1c88d351815378cb033b1,1.0.0,en,in_review
4,SWP-004,biopsychosocial-assessment,School of Mental Health & Clinical Practice,,Biopsychosocial Assessment practice worksheet DOCX,worksheet,docx/04-biopsychosocial-assessment-practice-worksheet.docx,application/vnd.openxmlformats-officedocument.wordprocessingml.document,38894,11d4982cfc098f1a3ffcb2c40eec453b154737aae5bf88742033ce58a3446115,1.0.0,en,in_review
4,SWP-004,biopsychosocial-assessment,School of Mental Health & Clinical Practice,,Biopsychosocial Assessment practice worksheet PDF,worksheet,pdf/04-biopsychosocial-assessment-practice-worksheet.pdf,application/pdf,4408,0ab1d58dd3ade8e2dfcbba3451638bdc98fd8bbdafbc5869a699142b44d33ffe,1.0.0,en,in_review
4,SWP-004,biopsychosocial-assessment,School of Mental Health & Clinical Practice,1,Biopsychosocial Assessment module 1 video plan and transcript DOCX,transcript,docx/04-biopsychosocial-assessment-module-1-video-plan-transcript.docx,application/vnd.openxmlformats-officedocument.wordprocessingml.document,39152,ca86499a5c92670801d8fd45f455f67c83ee1054d77ecdce9866f0413e2e3890,1.0.0,en,in_review
4,SWP-004,biopsychosocial-assessment,School of Mental Health & Clinical Practice,2,Biopsychosocial Assessment module 2 video plan and transcript DOCX,transcript,docx/04-biopsychosocial-assessment-module-2-video-plan-transcript.docx,application/vnd.openxmlformats-officedocument.wordprocessingml.document,39161,6a0e62a7eada642b5393633fd920e75516891024be97f985e5546caf3d0fe294,1.0.0,en,in_review
4,SWP-004,biopsychosocial-assessment,School of Mental Health & Clinical Practice,3,Biopsychosocial Assessment module 3 video plan and transcript DOCX,transcript,docx/04-biopsychosocial-assessment-module-3-video-plan-transcript.docx,application/vnd.openxmlformats-officedocument.wordprocessingml.document,39137,e6287fb7a74293e1d36fa274ec5d7c5358366a2487d980c71a096705e1ddf538,1.0.0,en,in_review
5,SWP-005,cognitive-behavioral-therapy-foundations,School of Mental Health & Clinical Practice,,Cognitive Behavioral Therapy Foundations learner guide DOCX,learner_guide,docx/05-cognitive-behavioral-therapy-foundations-learner-guide.docx,application/vnd.openxmlformats-officedocument.wordprocessingml.document,39777,9c46313063d1291f29558ef224066e034e4eb9caa722184078f687db10f37a3e,1.0.0,en,in_review
5,SWP-005,cognitive-behavioral-therapy-foundations,School of Mental Health & Clinical Practice,,Cognitive Behavioral Therapy Foundations learner guide PDF,learner_guide,pdf/05-cognitive-behavioral-therapy-foundations-learner-guide.pdf,application/pdf,9196,56a1798f5e4342a4148db20a04aaf67b26cabf03fd1df682f178aec1c4e98911,1.0.0,en,in_review
5,SWP-005,cognitive-behavioral-therapy-foundations,School of Mental Health & Clinical Practice,,Cognitive Behavioral Therapy Foundations slide deck PPTX,slides,pptx/05-cognitive-behavioral-therapy-foundations-course-deck.pptx,application/vnd.openxmlformats-officedocument.presentationml.presentation,2354042,30d589d26e107e47a3375cceed433641b9dcce58361f36d70b8b641b8a48cd55,1.0.0,en,in_review
5,SWP-005,cognitive-behavioral-therapy-foundations,School of Mental Health & Clinical Practice,,Cognitive Behavioral Therapy Foundations practice worksheet DOCX,worksheet,docx/05-cognitive-behavioral-therapy-foundations-practice-worksheet.docx,application/vnd.openxmlformats-officedocument.wordprocessingml.document,38916,3fb6f0d90dcd7319f86c7adcc3dee88e9e103c83d0d45454f93e599e41a24545,1.0.0,en,in_review
5,SWP-005,cognitive-behavioral-therapy-foundations,School of Mental Health & Clinical Practice,,Cognitive Behavioral Therapy Foundations practice worksheet PDF,worksheet,pdf/05-cognitive-behavioral-therapy-foundations-practice-worksheet.pdf,application/pdf,4438,3ebab2af4ff655b016b2a7ec82eff2a353f156772ce82c821f12af40c6bf7979,1.0.0,en,in_review
5,SWP-005,cognitive-behavioral-therapy-foundations,School of Mental Health & Clinical Practice,1,Cognitive Behavioral Therapy Foundations module 1 video plan and transcript DOCX,transcript,docx/05-cognitive-behavioral-therapy-foundations-module-1-video-plan-transcript.docx,application/vnd.openxmlformats-officedocument.wordprocessingml.document,39183,3921dba859e76c5bfadb3b83a591d5b4a51323b43df1fe7f80958ec9b3a22296,1.0.0,en,in_review
5,SWP-005,cognitive-behavioral-therapy-foundations,School of Mental Health & Clinical Practice,2,Cognitive Behavioral Therapy Foundations module 2 video plan and transcript DOCX,transcript,docx/05-cognitive-behavioral-therapy-foundations-module-2-video-plan-transcript.docx,application/vnd.openxmlformats-officedocument.wordprocessingml.document,39189,5171dcc807c7ab467c67be821fdf952deef80c9fb0702dce0dccfafec3cacce2,1.0.0,en,in_review
5,SWP-005,cognitive-behavioral-therapy-foundations,School of Mental Health & Clinical Practice,3,Cognitive Behavioral Therapy Foundations module 3 video plan and transcript DOCX,transcript,docx/05-cognitive-behavioral-therapy-foundations-module-3-video-plan-transcript.docx,application/vnd.openxmlformats-officedocument.wordprocessingml.document,39184,050253ec8f7f5e01a9b5ca679e12e48ea48b42b9278465ab99702c8715156c54,1.0.0,en,in_review
6,SWP-006,crisis-stabilization-and-safety-planning,School of Mental Health & Clinical Practice,,Crisis Stabilization & Safety Planning learner guide DOCX,learner_guide,docx/06-crisis-stabilization-and-safety-planning-learner-guide.docx,application/vnd.openxmlformats-officedocument.wordprocessingml.document,39787,6d8fb7c6c3c72514578165ec45ad6ef7b6b7a4012b0b8b914c0fda090b32af37,1.0.0,en,in_review
6,SWP-006,crisis-stabilization-and-safety-planning,School of Mental Health & Clinical Practice,,Crisis Stabilization & Safety Planning learner guide PDF,learner_guide,pdf/06-crisis-stabilization-and-safety-planning-learner-guide.pdf,application/pdf,9255,823751cab8891277b94df6f8ffa5b6f9faf8b9d1744c0d91a364b38222fa802a,1.0.0,en,in_review
6,SWP-006,crisis-stabilization-and-safety-planning,School of Mental Health & Clinical Practice,,Crisis Stabilization & Safety Planning slide deck PPTX,slides,pptx/06-crisis-stabilization-and-safety-planning-course-deck.pptx,application/vnd.openxmlformats-officedocument.presentationml.presentation,2354067,f7b594e607b7c222493439f0f6261e37b5ff761926fc98be2a1d66ab46dce8a1,1.0.0,en,in_review
6,SWP-006,crisis-stabilization-and-safety-planning,School of Mental Health & Clinical Practice,,Crisis Stabilization & Safety Planning practice worksheet DOCX,worksheet,docx/06-crisis-stabilization-and-safety-planning-practice-worksheet.docx,application/vnd.openxmlformats-officedocument.wordprocessingml.document,38929,9270ad6addd71a69965b574d60ea4dd55768feeb79d505b1ccd48f4a01d3ae36,1.0.0,en,in_review
6,SWP-006,crisis-stabilization-and-safety-planning,School of Mental Health & Clinical Practice,,Crisis Stabilization & Safety Planning practice worksheet PDF,worksheet,pdf/06-crisis-stabilization-and-safety-planning-practice-worksheet.pdf,application/pdf,4483,2a609b7d5207139b83752b68048bf9117f95d51fb723095a9e407de3d6091ef8,1.0.0,en,in_review
6,SWP-006,crisis-stabilization-and-safety-planning,School of Mental Health & Clinical Practice,1,Crisis Stabilization & Safety Planning module 1 video plan and transcript DOCX,transcript,docx/06-crisis-stabilization-and-safety-planning-module-1-video-plan-transcript.docx,application/vnd.openxmlformats-officedocument.wordprocessingml.document,39191,32e83a3aa134b53674ea23e154c88034ea39b6158d1ba4e4d13f3d71abd564c6,1.0.0,en,in_review
6,SWP-006,crisis-stabilization-and-safety-planning,School of Mental Health & Clinical Practice,2,Crisis Stabilization & Safety Planning module 2 video plan and transcript DOCX,transcript,docx/06-crisis-stabilization-and-safety-planning-module-2-video-plan-transcript.docx,application/vnd.openxmlformats-officedocument.wordprocessingml.document,39198,f287a42323d28fbecde882c935b36ff9d783b7f0db94e56b3072bf737d554db2,1.0.0,en,in_review
6,SWP-006,crisis-stabilization-and-safety-planning,School of Mental Health & Clinical Practice,3,Crisis Stabilization & Safety Planning module 3 video plan and transcript DOCX,transcript,docx/06-crisis-stabilization-and-safety-planning-module-3-video-plan-transcript.docx,application/vnd.openxmlformats-officedocument.wordprocessingml.document,39197,f07cf9363030bf25511139f6d66c721d5da4a9a2858ee55f0cfeb7328d1e6445,1.0.0,en,in_review
7,SWP-007,screening-and-brief-intervention-sbirt,School of Substance Use & Addiction Recovery,,Screening & Brief Intervention (SBIRT) learner guide DOCX,learner_guide,docx/07-screening-and-brief-intervention-sbirt-learner-guide.docx,application/vnd.openxmlformats-officedocument.wordprocessingml.document,39744,0e3a33863bc980647af3fe7575d89ed8402743bb8c5157de51de876fb4740b57,1.0.0,en,in_review
7,SWP-007,screening-and-brief-intervention-sbirt,School of Substance Use & Addiction Recovery,,Screening & Brief Intervention (SBIRT) learner guide PDF,learner_guide,pdf/07-screening-and-brief-intervention-sbirt-learner-guide.pdf,application/pdf,9157,5b10048bb43d582bb65fca3d69b69b5b7c3cc6314b252a1ac4d76f03cca0aea0,1.0.0,en,in_review
7,SWP-007,screening-and-brief-intervention-sbirt,School of Substance Use & Addiction Recovery,,Screening & Brief Intervention (SBIRT) slide deck PPTX,slides,pptx/07-screening-and-brief-intervention-sbirt-course-deck.pptx,application/vnd.openxmlformats-officedocument.presentationml.presentation,2354038,dd3e7e4e02c9074020db3b751b05d53b3fa796af1deaf2f7beb72095babb63f4,1.0.0,en,in_review
7,SWP-007,screening-and-brief-intervention-sbirt,School of Substance Use & Addiction Recovery,,Screening & Brief Intervention (SBIRT) practice worksheet DOCX,worksheet,docx/07-screening-and-brief-intervention-sbirt-practice-worksheet.docx,application/vnd.openxmlformats-officedocument.wordprocessingml.document,38938,0739e19b5525a2efb2eaf90864ad7c855a1cb359c74c0a6a401121b2fdb1d7c5,1.0.0,en,in_review
7,SWP-007,screening-and-brief-intervention-sbirt,School of Substance Use & Addiction Recovery,,Screening & Brief Intervention (SBIRT) practice worksheet PDF,worksheet,pdf/07-screening-and-brief-intervention-sbirt-practice-worksheet.pdf,application/pdf,4476,6066897375a7f2f3bf3a08d3525c35fff5c906f8167340521a240cc085b3fb50,1.0.0,en,in_review
7,SWP-007,screening-and-brief-intervention-sbirt,School of Substance Use & Addiction Recovery,1,Screening & Brief Intervention (SBIRT) module 1 video plan and transcript DOCX,transcript,docx/07-screening-and-brief-intervention-sbirt-module-1-video-plan-transcript.docx,application/vnd.openxmlformats-officedocument.wordprocessingml.document,39197,53a6b4892ef952082ec832e719a5691c724a2016af003cd1df23a89e89f7f88e,1.0.0,en,in_review
7,SWP-007,screening-and-brief-intervention-sbirt,School of Substance Use & Addiction Recovery,2,Screening & Brief Intervention (SBIRT) module 2 video plan and transcript DOCX,transcript,docx/07-screening-and-brief-intervention-sbirt-module-2-video-plan-transcript.docx,application/vnd.openxmlformats-officedocument.wordprocessingml.document,39185,e2df968aad33a7f7a0ee27c188e4e0559eb575d1a939ebbcebecc2ddc705aa3c,1.0.0,en,in_review
7,SWP-007,screening-and-brief-intervention-sbirt,School of Substance Use & Addiction Recovery,3,Screening & Brief Intervention (SBIRT) module 3 video plan and transcript DOCX,transcript,docx/07-screening-and-brief-intervention-sbirt-module-3-video-plan-transcript.docx,application/vnd.openxmlformats-officedocument.wordprocessingml.document,39191,84e17a9d52d7eaef2273a644af4189d4e325e8a32ea30ec9e5a168d90de9c123,1.0.0,en,in_review
8,SWP-008,motivational-interviewing,School of Substance Use & Addiction Recovery,,Motivational Interviewing learner guide DOCX,learner_guide,docx/08-motivational-interviewing-learner-guide.docx,application/vnd.openxmlformats-officedocument.wordprocessingml.document,39769,f9f4f392f53951e8230ac609d66cf3688afa35f37c17fa56a628714faf103628,1.0.0,en,in_review
8,SWP-008,motivational-interviewing,School of Substance Use & Addiction Recovery,,Motivational Interviewing learner guide PDF,learner_guide,pdf/08-motivational-interviewing-learner-guide.pdf,application/pdf,9198,428122a102f2c85888e5ef358752d21457eaffc64d3b42656a89e2d44cc2ce44,1.0.0,en,in_review
8,SWP-008,motivational-interviewing,School of Substance Use & Addiction Recovery,,Motivational Interviewing slide deck PPTX,slides,pptx/08-motivational-interviewing-course-deck.pptx,application/vnd.openxmlformats-officedocument.presentationml.presentation,2354028,6e8320e0549cb14ed7b9fb5900ff658cb78584e2fd9bfe7c59f6e761fa25260d,1.0.0,en,in_review
8,SWP-008,motivational-interviewing,School of Substance Use & Addiction Recovery,,Motivational Interviewing practice worksheet DOCX,worksheet,docx/08-motivational-interviewing-practice-worksheet.docx,application/vnd.openxmlformats-officedocument.wordprocessingml.document,38883,bb2b98000e1aba2fde3ed36b23051d9d274969b6cf52f2ffd56d08c65460df9f,1.0.0,en,in_review
8,SWP-008,motivational-interviewing,School of Substance Use & Addiction Recovery,,Motivational Interviewing practice worksheet PDF,worksheet,pdf/08-motivational-interviewing-practice-worksheet.pdf,application/pdf,4388,2b8012a77cfaec5958e4426a1514f1d4d676e8470fc3a926eb3efb903315132d,1.0.0,en,in_review
8,SWP-008,motivational-interviewing,School of Substance Use & Addiction Recovery,1,Motivational Interviewing module 1 video plan and transcript DOCX,transcript,docx/08-motivational-interviewing-module-1-video-plan-transcript.docx,application/vnd.openxmlformats-officedocument.wordprocessingml.document,39143,a3c153f312a4e1a027be8db00996eea0b72a20dc73c7ca55d881762355fdc439,1.0.0,en,in_review
8,SWP-008,motivational-interviewing,School of Substance Use & Addiction Recovery,2,Motivational Interviewing module 2 video plan and transcript DOCX,transcript,docx/08-motivational-interviewing-module-2-video-plan-transcript.docx,application/vnd.openxmlformats-officedocument.wordprocessingml.document,39139,e5d0e04453a4e55cc2fa1c16134dc9956fd10ee9da7d1669ebbefab3033264dc,1.0.0,en,in_review
8,SWP-008,motivational-interviewing,School of Substance Use & Addiction Recovery,3,Motivational Interviewing module 3 video plan and transcript DOCX,transcript,docx/08-motivational-interviewing-module-3-video-plan-transcript.docx,application/vnd.openxmlformats-officedocument.wordprocessingml.document,39140,ae437929b45046a166bf61f0b2472b49c5ed6fdcbd0fc96c11818fa3e1cbee3b,1.0.0,en,in_review
9,SWP-009,recovery-oriented-systems-of-care,School of Substance Use & Addiction Recovery,,Recovery-Oriented Systems of Care learner guide DOCX,learner_guide,docx/09-recovery-oriented-systems-of-care-learner-guide.docx,application/vnd.openxmlformats-officedocument.wordprocessingml.document,39760,c5d6c929c4abb4dbee3895460b4e489c0466d101494d2fee7f42fcb8fb2e7f45,1.0.0,en,in_review
9,SWP-009,recovery-oriented-systems-of-care,School of Substance Use & Addiction Recovery,,Recovery-Oriented Systems of Care learner guide PDF,learner_guide,pdf/09-recovery-oriented-systems-of-care-learner-guide.pdf,application/pdf,9129,3d14f3fc661c8ef71915ca3b6cd7caadf463cb88227a52b62bdfaff4ba8e9ec1,1.0.0,en,in_review
9,SWP-009,recovery-oriented-systems-of-care,School of Substance Use & Addiction Recovery,,Recovery-Oriented Systems of Care slide deck PPTX,slides,pptx/09-recovery-oriented-systems-of-care-course-deck.pptx,application/vnd.openxmlformats-officedocument.presentationml.presentation,2353999,8ad12b1e820aa9e6dc5ace64fd3ebc46991a80247ad768260694ae2cac1f55ab,1.0.0,en,in_review
9,SWP-009,recovery-oriented-systems-of-care,School of Substance Use & Addiction Recovery,,Recovery-Oriented Systems of Care practice worksheet DOCX,worksheet,docx/09-recovery-oriented-systems-of-care-practice-worksheet.docx,application/vnd.openxmlformats-officedocument.wordprocessingml.document,38905,706d2b99790b3f4e1f6fe4aae873d8398d0cad9da54d2e63cbe96b471c3e3934,1.0.0,en,in_review
9,SWP-009,recovery-oriented-systems-of-care,School of Substance Use & Addiction Recovery,,Recovery-Oriented Systems of Care practice worksheet PDF,worksheet,pdf/09-recovery-oriented-systems-of-care-practice-worksheet.pdf,application/pdf,4425,cb866c37028546ac9e966fe736eba10360aaef3137bc50198bfaee3e04ce704a,1.0.0,en,in_review
9,SWP-009,recovery-oriented-systems-of-care,School of Substance Use & Addiction Recovery,1,Recovery-Oriented Systems of Care module 1 video plan and transcript DOCX,transcript,docx/09-recovery-oriented-systems-of-care-module-1-video-plan-transcript.docx,application/vnd.openxmlformats-officedocument.wordprocessingml.document,39161,c9f6e38e802589402407fefbe055ad20863ac0ccb92c40517105ce572676671a,1.0.0,en,in_review
9,SWP-009,recovery-oriented-systems-of-care,School of Substance Use & Addiction Recovery,2,Recovery-Oriented Systems of Care module 2 video plan and transcript DOCX,transcript,docx/09-recovery-oriented-systems-of-care-module-2-video-plan-transcript.docx,application/vnd.openxmlformats-officedocument.wordprocessingml.document,39156,67cdb4c43ce70374e4cb7820194a2bc0f72027a0811049ef8e5be95e892f29d3,1.0.0,en,in_review
9,SWP-009,recovery-oriented-systems-of-care,School of Substance Use & Addiction Recovery,3,Recovery-Oriented Systems of Care module 3 video plan and transcript DOCX,transcript,docx/09-recovery-oriented-systems-of-care-module-3-video-plan-transcript.docx,application/vnd.openxmlformats-officedocument.wordprocessingml.document,39171,a20f9e98b282abbae37f461f78e5d7cc5993977601def23cc8d578a9c3ad7b60,1.0.0,en,in_review
10,SWP-010,aging-in-place-and-independent-living,School of Gerontology & Aging Services,,Aging in Place & Independent Living learner guide DOCX,learner_guide,docx/10-aging-in-place-and-independent-living-learner-guide.docx,application/vnd.openxmlformats-officedocument.wordprocessingml.document,39764,f19eaadab0d11efa11fe7f0cdddf71f612d726111ad7157d987896baf4c55155,1.0.0,en,in_review
10,SWP-010,aging-in-place-and-independent-living,School of Gerontology & Aging Services,,Aging in Place & Independent Living learner guide PDF,learner_guide,pdf/10-aging-in-place-and-independent-living-learner-guide.pdf,application/pdf,9187,864bad4887bbc9ddd321444761a0cc513f8acfc89671c04e3117667f11084f4f,1.0.0,en,in_review
10,SWP-010,aging-in-place-and-independent-living,School of Gerontology & Aging Services,,Aging in Place & Independent Living slide deck PPTX,slides,pptx/10-aging-in-place-and-independent-living-course-deck.pptx,application/vnd.openxmlformats-officedocument.presentationml.presentation,2354012,01e89f68cb3cc3e61bf7acec15fc8c8cccfb1668f3954b5dbacda983624488b0,1.0.0,en,in_review
10,SWP-010,aging-in-place-and-independent-living,School of Gerontology & Aging Services,,Aging in Place & Independent Living practice worksheet DOCX,worksheet,docx/10-aging-in-place-and-independent-living-practice-worksheet.docx,application/vnd.openxmlformats-officedocument.wordprocessingml.document,38931,90525472def9165c6984de2c2e7b9d0bca2537657dd5b663a92eab37cc3c46ff,1.0.0,en,in_review
10,SWP-010,aging-in-place-and-independent-living,School of Gerontology & Aging Services,,Aging in Place & Independent Living practice worksheet PDF,worksheet,pdf/10-aging-in-place-and-independent-living-practice-worksheet.pdf,application/pdf,4458,43b12db359b6db49cca5a562fea4afe20a4f942fde771c4a7aef10847f2ea694,1.0.0,en,in_review
10,SWP-010,aging-in-place-and-independent-living,School of Gerontology & Aging Services,1,Aging in Place & Independent Living module 1 video plan and transcript DOCX,transcript,docx/10-aging-in-place-and-independent-living-module-1-video-plan-transcript.docx,application/vnd.openxmlformats-officedocument.wordprocessingml.document,39169,98a08f9af6d858e361f09d37d8a62fe6d900d48a5e4511897845f0bc3b53125c,1.0.0,en,in_review
10,SWP-010,aging-in-place-and-independent-living,School of Gerontology & Aging Services,2,Aging in Place & Independent Living module 2 video plan and transcript DOCX,transcript,docx/10-aging-in-place-and-independent-living-module-2-video-plan-transcript.docx,application/vnd.openxmlformats-officedocument.wordprocessingml.document,39179,3db8565394c44d3dbacfeed4f441358dd71e43fb0adac73693b45b3149c158ce,1.0.0,en,in_review
10,SWP-010,aging-in-place-and-independent-living,School of Gerontology & Aging Services,3,Aging in Place & Independent Living module 3 video plan and transcript DOCX,transcript,docx/10-aging-in-place-and-independent-living-module-3-video-plan-transcript.docx,application/vnd.openxmlformats-officedocument.wordprocessingml.document,39167,727e635e22213135a4e1a5d4a2a08dabeb8c90d5d4baccee4d1a917922e87181,1.0.0,en,in_review
11,SWP-011,dementia-care-and-caregiver-support,School of Gerontology & Aging Services,,Dementia Care & Caregiver Support learner guide DOCX,learner_guide,docx/11-dementia-care-and-caregiver-support-learner-guide.docx,application/vnd.openxmlformats-officedocument.wordprocessingml.document,39731,404596f1edd2735f9ffefef8bf7d9f3aa5826620d979bc1aa97daf80851ae1f2,1.0.0,en,in_review
11,SWP-011,dementia-care-and-caregiver-support,School of Gerontology & Aging Services,,Dementia Care & Caregiver Support learner guide PDF,learner_guide,pdf/11-dementia-care-and-caregiver-support-learner-guide.pdf,application/pdf,9089,f0ade37295b3a82bd15b1dcb3e077c07db7f2f5bc574d6dfe350e94e4613e2e9,1.0.0,en,in_review
11,SWP-011,dementia-care-and-caregiver-support,School of Gerontology & Aging Services,,Dementia Care & Caregiver Support slide deck PPTX,slides,pptx/11-dementia-care-and-caregiver-support-course-deck.pptx,application/vnd.openxmlformats-officedocument.presentationml.presentation,2353990,63c397df5b0bdf9c2e17cd78531420c4a1ee08db9168c024afc3fc909c1fb063,1.0.0,en,in_review
11,SWP-011,dementia-care-and-caregiver-support,School of Gerontology & Aging Services,,Dementia Care & Caregiver Support practice worksheet DOCX,worksheet,docx/11-dementia-care-and-caregiver-support-practice-worksheet.docx,application/vnd.openxmlformats-officedocument.wordprocessingml.document,38912,40e90b2eceadb1c1c077433b5b1568d147d2f7ca9af2ccd6a51c4b779b34da9c,1.0.0,en,in_review
11,SWP-011,dementia-care-and-caregiver-support,School of Gerontology & Aging Services,,Dementia Care & Caregiver Support practice worksheet PDF,worksheet,pdf/11-dementia-care-and-caregiver-support-practice-worksheet.pdf,application/pdf,4450,d188a70205a12a97df23e899173b99b14f5009dec4d07236007cece95dd547d5,1.0.0,en,in_review
11,SWP-011,dementia-care-and-caregiver-support,School of Gerontology & Aging Services,1,Dementia Care & Caregiver Support module 1 video plan and transcript DOCX,transcript,docx/11-dementia-care-and-caregiver-support-module-1-video-plan-transcript.docx,application/vnd.openxmlformats-officedocument.wordprocessingml.document,39157,d20d409772292ad084cd2952144f31591cdf28630c80cb264d77a7353a1f26b7,1.0.0,en,in_review
11,SWP-011,dementia-care-and-caregiver-support,School of Gerontology & Aging Services,2,Dementia Care & Caregiver Support module 2 video plan and transcript DOCX,transcript,docx/11-dementia-care-and-caregiver-support-module-2-video-plan-transcript.docx,application/vnd.openxmlformats-officedocument.wordprocessingml.document,39159,ea31202eedbc35c85f2603aa84df4cae08d2e5198d682eeaf924826352aacaf5,1.0.0,en,in_review
11,SWP-011,dementia-care-and-caregiver-support,School of Gerontology & Aging Services,3,Dementia Care & Caregiver Support module 3 video plan and transcript DOCX,transcript,docx/11-dementia-care-and-caregiver-support-module-3-video-plan-transcript.docx,application/vnd.openxmlformats-officedocument.wordprocessingml.document,39143,d7de51e0d63810dd4456ac11eb5ae8134103e4c5204fd45f02d20a4afbdadd13,1.0.0,en,in_review
12,SWP-012,elder-abuse-prevention-and-long-term-care-advocacy,School of Gerontology & Aging Services,,Elder Abuse Prevention & Long-Term Care Advocacy learner guide DOCX,learner_guide,docx/12-elder-abuse-prevention-and-long-term-care-advocacy-learner-guide.docx,application/vnd.openxmlformats-officedocument.wordprocessingml.document,39831,67334c3b439d02a7834e3f0a23f8e7b82ca3f4bce16faa7133b78f27ccda19ad,1.0.0,en,in_review
12,SWP-012,elder-abuse-prevention-and-long-term-care-advocacy,School of Gerontology & Aging Services,,Elder Abuse Prevention & Long-Term Care Advocacy learner guide PDF,learner_guide,pdf/12-elder-abuse-prevention-and-long-term-care-advocacy-learner-guide.pdf,application/pdf,9260,c178393f32892a6b75ab9a0fce38568c1d420928e565ac92b7b95533200b1084,1.0.0,en,in_review
12,SWP-012,elder-abuse-prevention-and-long-term-care-advocacy,School of Gerontology & Aging Services,,Elder Abuse Prevention & Long-Term Care Advocacy slide deck PPTX,slides,pptx/12-elder-abuse-prevention-and-long-term-care-advocacy-course-deck.pptx,application/vnd.openxmlformats-officedocument.presentationml.presentation,2354041,26654a85f87c437a08342263cbc9168d8e52a60cdb227fb1cd9d404ee1b0c08d,1.0.0,en,in_review
12,SWP-012,elder-abuse-prevention-and-long-term-care-advocacy,School of Gerontology & Aging Services,,Elder Abuse Prevention & Long-Term Care Advocacy practice worksheet DOCX,worksheet,docx/12-elder-abuse-prevention-and-long-term-care-advocacy-practice-worksheet.docx,application/vnd.openxmlformats-officedocument.wordprocessingml.document,38949,eb910a3fa34e8d365b36a315fbc35fc43c835753935c94774f3b3671fee6c91e,1.0.0,en,in_review
12,SWP-012,elder-abuse-prevention-and-long-term-care-advocacy,School of Gerontology & Aging Services,,Elder Abuse Prevention & Long-Term Care Advocacy practice worksheet PDF,worksheet,pdf/12-elder-abuse-prevention-and-long-term-care-advocacy-practice-worksheet.pdf,application/pdf,4497,370e7b1178075004fdaa7384b4798758c332e44ee601a109bb148e7f0e91d257,1.0.0,en,in_review
12,SWP-012,elder-abuse-prevention-and-long-term-care-advocacy,School of Gerontology & Aging Services,1,Elder Abuse Prevention & Long-Term Care Advocacy module 1 video plan and transcript DOCX,transcript,docx/12-elder-abuse-prevention-and-long-term-care-advocacy-module-1-video-plan-transcript.docx,application/vnd.openxmlformats-officedocument.wordprocessingml.document,39210,5f60afa37ed1ad9e558a26d82dc39ca7ca8699affa1007c0add0bd29fd7430b4,1.0.0,en,in_review
12,SWP-012,elder-abuse-prevention-and-long-term-care-advocacy,School of Gerontology & Aging Services,2,Elder Abuse Prevention & Long-Term Care Advocacy module 2 video plan and transcript DOCX,transcript,docx/12-elder-abuse-prevention-and-long-term-care-advocacy-module-2-video-plan-transcript.docx,application/vnd.openxmlformats-officedocument.wordprocessingml.document,39206,0e458d69297fa7e485d489f032676ee834ac5da1bd2c551bb622248857dbd5c4,1.0.0,en,in_review
12,SWP-012,elder-abuse-prevention-and-long-term-care-advocacy,School of Gerontology & Aging Services,3,Elder Abuse Prevention & Long-Term Care Advocacy module 3 video plan and transcript DOCX,transcript,docx/12-elder-abuse-prevention-and-long-term-care-advocacy-module-3-video-plan-transcript.docx,application/vnd.openxmlformats-officedocument.wordprocessingml.document,39209,f81a7fc9df623836ac4a0971cce32275e7e4790f9bf905280a4a936c3d7b06ce,1.0.0,en,in_review
13,SWP-013,community-needs-assessment,School of Community & Macro Practice,,Community Needs Assessment learner guide DOCX,learner_guide,docx/13-community-needs-assessment-learner-guide.docx,application/vnd.openxmlformats-officedocument.wordprocessingml.document,39751,fb7efda58cf4be68534f684127e42516fccb652e5e92c4f82850f93e4d02c796,1.0.0,en,in_review
13,SWP-013,community-needs-assessment,School of Community & Macro Practice,,Community Needs Assessment learner guide PDF,learner_guide,pdf/13-community-needs-assessment-learner-guide.pdf,application/pdf,9134,5a0096a985699a2a89661585f3c8a28bcd1489c7a35bbf0ee85072b9d8cdfa9c,1.0.0,en,in_review
13,SWP-013,community-needs-assessment,School of Community & Macro Practice,,Community Needs Assessment slide deck PPTX,slides,pptx/13-community-needs-assessment-course-deck.pptx,application/vnd.openxmlformats-officedocument.presentationml.presentation,2354019,c4efd69e4f8bdbb566b3030a96e43e24bf79f7a0930ceace5d3de0d5fbc77b3a,1.0.0,en,in_review
13,SWP-013,community-needs-assessment,School of Community & Macro Practice,,Community Needs Assessment practice worksheet DOCX,worksheet,docx/13-community-needs-assessment-practice-worksheet.docx,application/vnd.openxmlformats-officedocument.wordprocessingml.document,38894,677bd0af181527e056a2f5df3779b25c71c5f82cbd401df858a18bd19dd2907d,1.0.0,en,in_review
13,SWP-013,community-needs-assessment,School of Community & Macro Practice,,Community Needs Assessment practice worksheet PDF,worksheet,pdf/13-community-needs-assessment-practice-worksheet.pdf,application/pdf,4410,4b7f6f067020d63c4d4c56fc3aba04ada8e7320774731bb733c530edc0a977bb,1.0.0,en,in_review
13,SWP-013,community-needs-assessment,School of Community & Macro Practice,1,Community Needs Assessment module 1 video plan and transcript DOCX,transcript,docx/13-community-needs-assessment-module-1-video-plan-transcript.docx,application/vnd.openxmlformats-officedocument.wordprocessingml.document,39148,d4865348ff8dd5a804d5d484afc3b4c96630de192dee6069a30457bb58088b82,1.0.0,en,in_review
13,SWP-013,community-needs-assessment,School of Community & Macro Practice,2,Community Needs Assessment module 2 video plan and transcript DOCX,transcript,docx/13-community-needs-assessment-module-2-video-plan-transcript.docx,application/vnd.openxmlformats-officedocument.wordprocessingml.document,39150,4f1617f644c42036124aa3cffa0bf1f6b33895a7c595b993de42c45d228d57c9,1.0.0,en,in_review
13,SWP-013,community-needs-assessment,School of Community & Macro Practice,3,Community Needs Assessment module 3 video plan and transcript DOCX,transcript,docx/13-community-needs-assessment-module-3-video-plan-transcript.docx,application/vnd.openxmlformats-officedocument.wordprocessingml.document,39141,4adda34b9062299ff62f6d40821ab050816906503cb626dfdcec37cdd81adf12,1.0.0,en,in_review
14,SWP-014,community-organizing-and-coalition-building,School of Community & Macro Practice,,Community Organizing & Coalition Building learner guide DOCX,learner_guide,docx/14-community-organizing-and-coalition-building-learner-guide.docx,application/vnd.openxmlformats-officedocument.wordprocessingml.document,39752,3d837ce9e60a3da91f2fead65f0159873c0c09fc2719538a0ef8d28441eb5157,1.0.0,en,in_review
14,SWP-014,community-organizing-and-coalition-building,School of Community & Macro Practice,,Community Organizing & Coalition Building learner guide PDF,learner_guide,pdf/14-community-organizing-and-coalition-building-learner-guide.pdf,application/pdf,9135,a992854bc87d4c804d7627920815b4ffe08d6eb5ce847f7b6b3cf18d2c941d66,1.0.0,en,in_review
14,SWP-014,community-organizing-and-coalition-building,School of Community & Macro Practice,,Community Organizing & Coalition Building slide deck PPTX,slides,pptx/14-community-organizing-and-coalition-building-course-deck.pptx,application/vnd.openxmlformats-officedocument.presentationml.presentation,2353985,c053457231fed18d60d10496a151ec5adc4e21a030cbc94e863d7bf26cac2653,1.0.0,en,in_review
14,SWP-014,community-organizing-and-coalition-building,School of Community & Macro Practice,,Community Organizing & Coalition Building practice worksheet DOCX,worksheet,docx/14-community-organizing-and-coalition-building-practice-worksheet.docx,application/vnd.openxmlformats-officedocument.wordprocessingml.document,38920,a768d107b4c64abda32dee41c3d9e712518c20805f5a4abec4bfb5974bd009c7,1.0.0,en,in_review
14,SWP-014,community-organizing-and-coalition-building,School of Community & Macro Practice,,Community Organizing & Coalition Building practice worksheet PDF,worksheet,pdf/14-community-organizing-and-coalition-building-practice-worksheet.pdf,application/pdf,4453,878748265313f674f03dc31a83ad995f16d719b435619615a26f3cb7437cb58e,1.0.0,en,in_review
14,SWP-014,community-organizing-and-coalition-building,School of Community & Macro Practice,1,Community Organizing & Coalition Building module 1 video plan and transcript DOCX,transcript,docx/14-community-organizing-and-coalition-building-module-1-video-plan-transcript.docx,application/vnd.openxmlformats-officedocument.wordprocessingml.document,39174,45368204e4c928e696cb9f4ba4ea6118942208c46c2545cf8d451e24d97c5e04,1.0.0,en,in_review
14,SWP-014,community-organizing-and-coalition-building,School of Community & Macro Practice,2,Community Organizing & Coalition Building module 2 video plan and transcript DOCX,transcript,docx/14-community-organizing-and-coalition-building-module-2-video-plan-transcript.docx,application/vnd.openxmlformats-officedocument.wordprocessingml.document,39175,6988654eff0dd5b991002107f30f0a65ab8e5366c6747d7fb53ba6cc5d5111b1,1.0.0,en,in_review
14,SWP-014,community-organizing-and-coalition-building,School of Community & Macro Practice,3,Community Organizing & Coalition Building module 3 video plan and transcript DOCX,transcript,docx/14-community-organizing-and-coalition-building-module-3-video-plan-transcript.docx,application/vnd.openxmlformats-officedocument.wordprocessingml.document,39171,da365f250d68fe5ea2b54d98fcc53bdecd5a8647a8415bf0ea54b2723f94d721,1.0.0,en,in_review
15,SWP-015,program-development-and-evaluation,School of Community & Macro Practice,,Program Development & Evaluation learner guide DOCX,learner_guide,docx/15-program-development-and-evaluation-learner-guide.docx,application/vnd.openxmlformats-officedocument.wordprocessingml.document,39761,198893180f8d84bc29fa8db448a72f8372f204087620b642a629e1e6a45408f5,1.0.0,en,in_review
15,SWP-015,program-development-and-evaluation,School of Community & Macro Practice,,Program Development & Evaluation learner guide PDF,learner_guide,pdf/15-program-development-and-evaluation-learner-guide.pdf,application/pdf,9169,3b629c895df01ff9cb8cbb4360f8a665ae1a2a288178cf4cdd2f3b62a805ce12,1.0.0,en,in_review
15,SWP-015,program-development-and-evaluation,School of Community & Macro Practice,,Program Development & Evaluation slide deck PPTX,slides,pptx/15-program-development-and-evaluation-course-deck.pptx,application/vnd.openxmlformats-officedocument.presentationml.presentation,2354011,80fe8c56c33b30d4720957b22b83d867e4cdc2c332e2b5c35d41635359eba4ad,1.0.0,en,in_review
15,SWP-015,program-development-and-evaluation,School of Community & Macro Practice,,Program Development & Evaluation practice worksheet DOCX,worksheet,docx/15-program-development-and-evaluation-practice-worksheet.docx,application/vnd.openxmlformats-officedocument.wordprocessingml.document,38918,a89201cfbbde575fb787a0fc3cdd17cee90546873987d9f97495e74c7f90cf66,1.0.0,en,in_review
15,SWP-015,program-development-and-evaluation,School of Community & Macro Practice,,Program Development & Evaluation practice worksheet PDF,worksheet,pdf/15-program-development-and-evaluation-practice-worksheet.pdf,application/pdf,4466,ee13ed4e259a8ae648405c2fab5c647fa42f11469bc3cf1cbd59193a11b97366,1.0.0,en,in_review
15,SWP-015,program-development-and-evaluation,School of Community & Macro Practice,1,Program Development & Evaluation module 1 video plan and transcript DOCX,transcript,docx/15-program-development-and-evaluation-module-1-video-plan-transcript.docx,application/vnd.openxmlformats-officedocument.wordprocessingml.document,39160,f4a90cc6ac7e093587a6a0e18c41203180101f87f3873874bac30cde2418a3f8,1.0.0,en,in_review
15,SWP-015,program-development-and-evaluation,School of Community & Macro Practice,2,Program Development & Evaluation module 2 video plan and transcript DOCX,transcript,docx/15-program-development-and-evaluation-module-2-video-plan-transcript.docx,application/vnd.openxmlformats-officedocument.wordprocessingml.document,39171,3ed252fd17586c7ca40c9f99f3f8df1805ced33609955b6201fd6fe5d9d1b9a4,1.0.0,en,in_review
15,SWP-015,program-development-and-evaluation,School of Community & Macro Practice,3,Program Development & Evaluation module 3 video plan and transcript DOCX,transcript,docx/15-program-development-and-evaluation-module-3-video-plan-transcript.docx,application/vnd.openxmlformats-officedocument.wordprocessingml.document,39157,d06c7aaee3307824fa62afd2705f24c2bba92b8586a59b6466fad746a47e84bf,1.0.0,en,in_review
16,SWP-016,hospital-discharge-planning,School of Medical & Health Social Work,,Hospital Discharge Planning learner guide DOCX,learner_guide,docx/16-hospital-discharge-planning-learner-guide.docx,application/vnd.openxmlformats-officedocument.wordprocessingml.document,39767,79696bea20a1766710fb6df57669f20ada971c44f7b381314bd0009b8cf181b6,1.0.0,en,in_review
16,SWP-016,hospital-discharge-planning,School of Medical & Health Social Work,,Hospital Discharge Planning learner guide PDF,learner_guide,pdf/16-hospital-discharge-planning-learner-guide.pdf,application/pdf,9159,eeef21d2fa3341d3b6d1865e5ae9914f69d34876c39be864256677094771a82e,1.0.0,en,in_review
16,SWP-016,hospital-discharge-planning,School of Medical & Health Social Work,,Hospital Discharge Planning slide deck PPTX,slides,pptx/16-hospital-discharge-planning-course-deck.pptx,application/vnd.openxmlformats-officedocument.presentationml.presentation,2354032,0cbe76df74acf80d94c73513123314392facfd0a67635daa2a89326b33eb3a71,1.0.0,en,in_review
16,SWP-016,hospital-discharge-planning,School of Medical & Health Social Work,,Hospital Discharge Planning practice worksheet DOCX,worksheet,docx/16-hospital-discharge-planning-practice-worksheet.docx,application/vnd.openxmlformats-officedocument.wordprocessingml.document,38908,6ebd27e5e9b9fd54070d60a11196cc9492804eaa070c33b5e5443ec3cc6bbdd8,1.0.0,en,in_review
16,SWP-016,hospital-discharge-planning,School of Medical & Health Social Work,,Hospital Discharge Planning practice worksheet PDF,worksheet,pdf/16-hospital-discharge-planning-practice-worksheet.pdf,application/pdf,4428,22df68cfd146386714c0bf6b9c0826373d6dfa4ccce4e771a4c16368b9ac65e1,1.0.0,en,in_review
16,SWP-016,hospital-discharge-planning,School of Medical & Health Social Work,1,Hospital Discharge Planning module 1 video plan and transcript DOCX,transcript,docx/16-hospital-discharge-planning-module-1-video-plan-transcript.docx,application/vnd.openxmlformats-officedocument.wordprocessingml.document,39160,6c0873eefa228482a8c19749aca99ebc8bde500257572cdabcbd2e882e32c4c4,1.0.0,en,in_review
16,SWP-016,hospital-discharge-planning,School of Medical & Health Social Work,2,Hospital Discharge Planning module 2 video plan and transcript DOCX,transcript,docx/16-hospital-discharge-planning-module-2-video-plan-transcript.docx,application/vnd.openxmlformats-officedocument.wordprocessingml.document,39179,49892705a74dab9bf4b39310851b686486211b7754f0a3a02cfaca3d096b1e30,1.0.0,en,in_review
16,SWP-016,hospital-discharge-planning,School of Medical & Health Social Work,3,Hospital Discharge Planning module 3 video plan and transcript DOCX,transcript,docx/16-hospital-discharge-planning-module-3-video-plan-transcript.docx,application/vnd.openxmlformats-officedocument.wordprocessingml.document,39154,eee421929127591b5e7d34b972184a79e6460e94cab50f4c5f9c5e5e73b2306e,1.0.0,en,in_review
17,SWP-017,chronic-illness-and-adherence-support,School of Medical & Health Social Work,,Chronic Illness & Adherence Support learner guide DOCX,learner_guide,docx/17-chronic-illness-and-adherence-support-learner-guide.docx,application/vnd.openxmlformats-officedocument.wordprocessingml.document,39803,1fdaf71ebca7e6c756c4a254270e5450b054be864e5431da25ba8229e68267cb,1.0.0,en,in_review
17,SWP-017,chronic-illness-and-adherence-support,School of Medical & Health Social Work,,Chronic Illness & Adherence Support learner guide PDF,learner_guide,pdf/17-chronic-illness-and-adherence-support-learner-guide.pdf,application/pdf,9246,1f814e2d95c2790433cc5d65f21155428a7d9e0b00de649590779b86ff049509,1.0.0,en,in_review
17,SWP-017,chronic-illness-and-adherence-support,School of Medical & Health Social Work,,Chronic Illness & Adherence Support slide deck PPTX,slides,pptx/17-chronic-illness-and-adherence-support-course-deck.pptx,application/vnd.openxmlformats-officedocument.presentationml.presentation,2354061,916859144ca6e6d0f1fa8f8ba39f1678a4c3bd21a3c53de5b670191371bd6d89,1.0.0,en,in_review
17,SWP-017,chronic-illness-and-adherence-support,School of Medical & Health Social Work,,Chronic Illness & Adherence Support practice worksheet DOCX,worksheet,docx/17-chronic-illness-and-adherence-support-practice-worksheet.docx,application/vnd.openxmlformats-officedocument.wordprocessingml.document,38926,cfccac9763a301c1e3c4a27ae3ac10b8046b47bab16a77211b1218fdb1bd187b,1.0.0,en,in_review
17,SWP-017,chronic-illness-and-adherence-support,School of Medical & Health Social Work,,Chronic Illness & Adherence Support practice worksheet PDF,worksheet,pdf/17-chronic-illness-and-adherence-support-practice-worksheet.pdf,application/pdf,4464,09682d0ed13b5492d5c170164aeccc284c8d5bcc3e2638f729ddcf88047fdb86,1.0.0,en,in_review
17,SWP-017,chronic-illness-and-adherence-support,School of Medical & Health Social Work,1,Chronic Illness & Adherence Support module 1 video plan and transcript DOCX,transcript,docx/17-chronic-illness-and-adherence-support-module-1-video-plan-transcript.docx,application/vnd.openxmlformats-officedocument.wordprocessingml.document,39193,1c8398a092cfd13869ed1579ce7c7399ddff2e006670f149e96cd6595e76961d,1.0.0,en,in_review
17,SWP-017,chronic-illness-and-adherence-support,School of Medical & Health Social Work,2,Chronic Illness & Adherence Support module 2 video plan and transcript DOCX,transcript,docx/17-chronic-illness-and-adherence-support-module-2-video-plan-transcript.docx,application/vnd.openxmlformats-officedocument.wordprocessingml.document,39209,817a9247baf06e7932b9646edda6e723ed387069aa1b02a638b88cb46ba65a87,1.0.0,en,in_review
17,SWP-017,chronic-illness-and-adherence-support,School of Medical & Health Social Work,3,Chronic Illness & Adherence Support module 3 video plan and transcript DOCX,transcript,docx/17-chronic-illness-and-adherence-support-module-3-video-plan-transcript.docx,application/vnd.openxmlformats-officedocument.wordprocessingml.document,39185,ff62f2dd2b915d500f5ec409af0b40ad96775483e2f73fff4372e66fa0cedae6,1.0.0,en,in_review
18,SWP-018,interdisciplinary-collaboration-in-healthcare,School of Medical & Health Social Work,,Interdisciplinary Collaboration in Healthcare learner guide DOCX,learner_guide,docx/18-interdisciplinary-collaboration-in-healthcare-learner-guide.docx,application/vnd.openxmlformats-officedocument.wordprocessingml.document,39796,04143fd203f2cf973a0a3113600b4981f8d8b92cf597dad55e42d9390a61eee5,1.0.0,en,in_review
18,SWP-018,interdisciplinary-collaboration-in-healthcare,School of Medical & Health Social Work,,Interdisciplinary Collaboration in Healthcare learner guide PDF,learner_guide,pdf/18-interdisciplinary-collaboration-in-healthcare-learner-guide.pdf,application/pdf,9196,beb439dc2962afbb57cc5ef9dd4db817b7b5ad382e907c5af330fcfa6eb8cb78,1.0.0,en,in_review
18,SWP-018,interdisciplinary-collaboration-in-healthcare,School of Medical & Health Social Work,,Interdisciplinary Collaboration in Healthcare slide deck PPTX,slides,pptx/18-interdisciplinary-collaboration-in-healthcare-course-deck.pptx,application/vnd.openxmlformats-officedocument.presentationml.presentation,2354039,2e600ec59bf6c875ce3248fe4844eebcae1a65b40a9ef1fb8cfc3a20a5c7b7ba,1.0.0,en,in_review
18,SWP-018,interdisciplinary-collaboration-in-healthcare,School of Medical & Health Social Work,,Interdisciplinary Collaboration in Healthcare practice worksheet DOCX,worksheet,docx/18-interdisciplinary-collaboration-in-healthcare-practice-worksheet.docx,application/vnd.openxmlformats-officedocument.wordprocessingml.document,38923,31c597c680b0dcd0093816f875860455df7702c157ccb8ce30042fd70a71409a,1.0.0,en,in_review
18,SWP-018,interdisciplinary-collaboration-in-healthcare,School of Medical & Health Social Work,,Interdisciplinary Collaboration in Healthcare practice worksheet PDF,worksheet,pdf/18-interdisciplinary-collaboration-in-healthcare-practice-worksheet.pdf,application/pdf,4470,925623485a506cc258eef7be1ecfa1b234ed4d2cfedf646a643523b1bf73a292,1.0.0,en,in_review
18,SWP-018,interdisciplinary-collaboration-in-healthcare,School of Medical & Health Social Work,1,Interdisciplinary Collaboration in Healthcare module 1 video plan and transcript DOCX,transcript,docx/18-interdisciplinary-collaboration-in-healthcare-module-1-video-plan-transcript.docx,application/vnd.openxmlformats-officedocument.wordprocessingml.document,39186,6301809f2f742a650938c6d7b4941d7bc3f7125d93c67c2f78a8b47b286ffc3a,1.0.0,en,in_review
18,SWP-018,interdisciplinary-collaboration-in-healthcare,School of Medical & Health Social Work,2,Interdisciplinary Collaboration in Healthcare module 2 video plan and transcript DOCX,transcript,docx/18-interdisciplinary-collaboration-in-healthcare-module-2-video-plan-transcript.docx,application/vnd.openxmlformats-officedocument.wordprocessingml.document,39204,534098280045d095d559fd118e6beb555b7c92649ffb4cce8b69134433e820e2,1.0.0,en,in_review
18,SWP-018,interdisciplinary-collaboration-in-healthcare,School of Medical & Health Social Work,3,Interdisciplinary Collaboration in Healthcare module 3 video plan and transcript DOCX,transcript,docx/18-interdisciplinary-collaboration-in-healthcare-module-3-video-plan-transcript.docx,application/vnd.openxmlformats-officedocument.wordprocessingml.document,39192,ad23f491119bd3bd953ea8551b4889a5937db97c933875ced72c776096b02d27,1.0.0,en,in_review
19,SWP-019,student-support-and-attendance,School of School Social Work,,Student Support & Attendance learner guide DOCX,learner_guide,docx/19-student-support-and-attendance-learner-guide.docx,application/vnd.openxmlformats-officedocument.wordprocessingml.document,39741,280ff7b3e7eb11ee3d361ca4248cb3ac951da420b41cdee796da307fab8a0f3a,1.0.0,en,in_review
19,SWP-019,student-support-and-attendance,School of School Social Work,,Student Support & Attendance learner guide PDF,learner_guide,pdf/19-student-support-and-attendance-learner-guide.pdf,application/pdf,9165,a608f67da505bf1e478148c3c8957b7de9476d22c4bead95156730b4f758fe3c,1.0.0,en,in_review
19,SWP-019,student-support-and-attendance,School of School Social Work,,Student Support & Attendance slide deck PPTX,slides,pptx/19-student-support-and-attendance-course-deck.pptx,application/vnd.openxmlformats-officedocument.presentationml.presentation,2354037,72cd9645d3f986cd6dd30b4a61f9210aacec30e4f519c37bf08b6ad016ed8607,1.0.0,en,in_review
19,SWP-019,student-support-and-attendance,School of School Social Work,,Student Support & Attendance practice worksheet DOCX,worksheet,docx/19-student-support-and-attendance-practice-worksheet.docx,application/vnd.openxmlformats-officedocument.wordprocessingml.document,38921,d02a936f046160054fab8b7c1bda922944ad4fe289c41e2d78ea1bd4b9fda8a9,1.0.0,en,in_review
19,SWP-019,student-support-and-attendance,School of School Social Work,,Student Support & Attendance practice worksheet PDF,worksheet,pdf/19-student-support-and-attendance-practice-worksheet.pdf,application/pdf,4443,b4a54f065a59f1235aaa0da8fcc2d00f1d84229af8bf8d0ae426db717be85847,1.0.0,en,in_review
19,SWP-019,student-support-and-attendance,School of School Social Work,1,Student Support & Attendance module 1 video plan and transcript DOCX,transcript,docx/19-student-support-and-attendance-module-1-video-plan-transcript.docx,application/vnd.openxmlformats-officedocument.wordprocessingml.document,39168,384c021785d5a14085e93afd3b6c7c2f2c43e80d5eb43b68220af8eef67f3c6f,1.0.0,en,in_review
19,SWP-019,student-support-and-attendance,School of School Social Work,2,Student Support & Attendance module 2 video plan and transcript DOCX,transcript,docx/19-student-support-and-attendance-module-2-video-plan-transcript.docx,application/vnd.openxmlformats-officedocument.wordprocessingml.document,39176,6418234af6fe79a3f6967e1108fbef8867db83315aa856b1f900353a5632716a,1.0.0,en,in_review
19,SWP-019,student-support-and-attendance,School of School Social Work,3,Student Support & Attendance module 3 video plan and transcript DOCX,transcript,docx/19-student-support-and-attendance-module-3-video-plan-transcript.docx,application/vnd.openxmlformats-officedocument.wordprocessingml.document,39164,10cd26ff2ac2b3f1d6d1db10e21756ea8078ed8e9331d9eb3ab36b169cb46825,1.0.0,en,in_review
20,SWP-020,behavioral-and-emotional-support-in-schools,School of School Social Work,,Behavioral & Emotional Support in Schools learner guide DOCX,learner_guide,docx/20-behavioral-and-emotional-support-in-schools-learner-guide.docx,application/vnd.openxmlformats-officedocument.wordprocessingml.document,39786,b8e486581427abecd0b81714bb469819312c649cdfab30ef319c2fd134613248,1.0.0,en,in_review
20,SWP-020,behavioral-and-emotional-support-in-schools,School of School Social Work,,Behavioral & Emotional Support in Schools learner guide PDF,learner_guide,pdf/20-behavioral-and-emotional-support-in-schools-learner-guide.pdf,application/pdf,9244,253d9532bae03c7ac795a2a64756a882a73c31d8e3784d1fa89e0eed0abc757b,1.0.0,en,in_review
20,SWP-020,behavioral-and-emotional-support-in-schools,School of School Social Work,,Behavioral & Emotional Support in Schools slide deck PPTX,slides,pptx/20-behavioral-and-emotional-support-in-schools-course-deck.pptx,application/vnd.openxmlformats-officedocument.presentationml.presentation,2354045,ed7f5c407a5abc3ace7be447f720389a4b7699377216f5619a8f3f516cc51d5c,1.0.0,en,in_review
20,SWP-020,behavioral-and-emotional-support-in-schools,School of School Social Work,,Behavioral & Emotional Support in Schools practice worksheet DOCX,worksheet,docx/20-behavioral-and-emotional-support-in-schools-practice-worksheet.docx,application/vnd.openxmlformats-officedocument.wordprocessingml.document,38921,beb06219df5d18c0ca276104e69609c37817775b8176a9b95ce31bbcdf7388d6,1.0.0,en,in_review
20,SWP-020,behavioral-and-emotional-support-in-schools,School of School Social Work,,Behavioral & Emotional Support in Schools practice worksheet PDF,worksheet,pdf/20-behavioral-and-emotional-support-in-schools-practice-worksheet.pdf,application/pdf,4455,81edf006eda90c8ba7e560e7e8ecd053d0cd1033a87531bbb19068555df01cff,1.0.0,en,in_review
20,SWP-020,behavioral-and-emotional-support-in-schools,School of School Social Work,1,Behavioral & Emotional Support in Schools module 1 video plan and transcript DOCX,transcript,docx/20-behavioral-and-emotional-support-in-schools-module-1-video-plan-transcript.docx,application/vnd.openxmlformats-officedocument.wordprocessingml.document,39203,c309f75c2a489b0927d5d54e0dc17db3ea2f88d901b38688d3d031b1b23b6d81,1.0.0,en,in_review
20,SWP-020,behavioral-and-emotional-support-in-schools,School of School Social Work,2,Behavioral & Emotional Support in Schools module 2 video plan and transcript DOCX,transcript,docx/20-behavioral-and-emotional-support-in-schools-module-2-video-plan-transcript.docx,application/vnd.openxmlformats-officedocument.wordprocessingml.document,39206,73b62e4247904d5760fd190ffc0736ff268cb8b4848c57718abb285b4cf56c3c,1.0.0,en,in_review
20,SWP-020,behavioral-and-emotional-support-in-schools,School of School Social Work,3,Behavioral & Emotional Support in Schools module 3 video plan and transcript DOCX,transcript,docx/20-behavioral-and-emotional-support-in-schools-module-3-video-plan-transcript.docx,application/vnd.openxmlformats-officedocument.wordprocessingml.document,39212,7a240b2c7e3543182d99ebbbb6cd72b111f7807733b8a70cab7b41de40665754,1.0.0,en,in_review
21,SWP-021,school-wide-systems-and-policy,School of School Social Work,,School-Wide Systems & Policy learner guide DOCX,learner_guide,docx/21-school-wide-systems-and-policy-learner-guide.docx,application/vnd.openxmlformats-officedocument.wordprocessingml.document,39741,7061c5c7cb1c8d21b5785e0e35134d38d0cfb0e8f5d83e54db401a1e26b8f8b1,1.0.0,en,in_review
21,SWP-021,school-wide-systems-and-policy,School of School Social Work,,School-Wide Systems & Policy learner guide PDF,learner_guide,pdf/21-school-wide-systems-and-policy-learner-guide.pdf,application/pdf,9136,294b73449341a7a1fc8378c1a29a3270463ef453609ccf368c3fb4eb1801f273,1.0.0,en,in_review
21,SWP-021,school-wide-systems-and-policy,School of School Social Work,,School-Wide Systems & Policy slide deck PPTX,slides,pptx/21-school-wide-systems-and-policy-course-deck.pptx,application/vnd.openxmlformats-officedocument.presentationml.presentation,2354008,cea48b48391075483a9230fb2fbcf13136d8e9a94697a73f5f5c0e9e5569d238,1.0.0,en,in_review
21,SWP-021,school-wide-systems-and-policy,School of School Social Work,,School-Wide Systems & Policy practice worksheet DOCX,worksheet,docx/21-school-wide-systems-and-policy-practice-worksheet.docx,application/vnd.openxmlformats-officedocument.wordprocessingml.document,38919,d38bfaa836ef3e985a84cb15352b4bbfbf5a475d7b012579fc7d533d4fd16bf8,1.0.0,en,in_review
21,SWP-021,school-wide-systems-and-policy,School of School Social Work,,School-Wide Systems & Policy practice worksheet PDF,worksheet,pdf/21-school-wide-systems-and-policy-practice-worksheet.pdf,application/pdf,4461,36ca1e538ea20074c9c885d628f8eded010c430984c8fe436b0539d94617ef75,1.0.0,en,in_review
21,SWP-021,school-wide-systems-and-policy,School of School Social Work,1,School-Wide Systems & Policy module 1 video plan and transcript DOCX,transcript,docx/21-school-wide-systems-and-policy-module-1-video-plan-transcript.docx,application/vnd.openxmlformats-officedocument.wordprocessingml.document,39179,e3a816130bb405bc1e2678bb78491d585947a31834af6fddb80bd800f56c27c7,1.0.0,en,in_review
21,SWP-021,school-wide-systems-and-policy,School of School Social Work,2,School-Wide Systems & Policy module 2 video plan and transcript DOCX,transcript,docx/21-school-wide-systems-and-policy-module-2-video-plan-transcript.docx,application/vnd.openxmlformats-officedocument.wordprocessingml.document,39176,7848fd53b38fe3b7ad927db0537fe6881180a16e034dd85624152954e623be7b,1.0.0,en,in_review
21,SWP-021,school-wide-systems-and-policy,School of School Social Work,3,School-Wide Systems & Policy module 3 video plan and transcript DOCX,transcript,docx/21-school-wide-systems-and-policy-module-3-video-plan-transcript.docx,application/vnd.openxmlformats-officedocument.wordprocessingml.document,39176,499150ee562a601bc2b6648f0430845a0f1fb3d06b614af485e51ced3b0786a7,1.0.0,en,in_review
22,SWP-022,foundations-of-forensic-social-work,School of Criminal Justice & Forensic Social Work,,Foundations of Forensic Social Work learner guide DOCX,learner_guide,docx/22-foundations-of-forensic-social-work-learner-guide.docx,application/vnd.openxmlformats-officedocument.wordprocessingml.document,39772,cfc74f38ffbd742ef2f4b41a7800d8e1a24a6b80412003de901787f0161eb5ac,1.0.0,en,in_review
22,SWP-022,foundations-of-forensic-social-work,School of Criminal Justice & Forensic Social Work,,Foundations of Forensic Social Work learner guide PDF,learner_guide,pdf/22-foundations-of-forensic-social-work-learner-guide.pdf,application/pdf,9244,9563a90a20ed9a0486b65b5e7bba49c36eff1e18148cb284bf1dbefc7489855c,1.0.0,en,in_review
22,SWP-022,foundations-of-forensic-social-work,School of Criminal Justice & Forensic Social Work,,Foundations of Forensic Social Work slide deck PPTX,slides,pptx/22-foundations-of-forensic-social-work-course-deck.pptx,application/vnd.openxmlformats-officedocument.presentationml.presentation,2354031,cc6498aa1d8b255f1291c02371a28680f34ad4004ecd94b038ba26be988e342b,1.0.0,en,in_review
22,SWP-022,foundations-of-forensic-social-work,School of Criminal Justice & Forensic Social Work,,Foundations of Forensic Social Work practice worksheet DOCX,worksheet,docx/22-foundations-of-forensic-social-work-practice-worksheet.docx,application/vnd.openxmlformats-officedocument.wordprocessingml.document,38916,55562894d165a99076b554c32f5a8d23d5f713db324df1af75e4445ff8d48ab6,1.0.0,en,in_review
22,SWP-022,foundations-of-forensic-social-work,School of Criminal Justice & Forensic Social Work,,Foundations of Forensic Social Work practice worksheet PDF,worksheet,pdf/22-foundations-of-forensic-social-work-practice-worksheet.pdf,application/pdf,4433,73582d7a550b50687acd30412d1420a4058a7b3abeb1049464364f2bddd037ea,1.0.0,en,in_review
22,SWP-022,foundations-of-forensic-social-work,School of Criminal Justice & Forensic Social Work,1,Foundations of Forensic Social Work module 1 video plan and transcript DOCX,transcript,docx/22-foundations-of-forensic-social-work-module-1-video-plan-transcript.docx,application/vnd.openxmlformats-officedocument.wordprocessingml.document,39171,36f36069d9943a36bf78a065ec818899061640208ab627fd358e3e03786eccc0,1.0.0,en,in_review
22,SWP-022,foundations-of-forensic-social-work,School of Criminal Justice & Forensic Social Work,2,Foundations of Forensic Social Work module 2 video plan and transcript DOCX,transcript,docx/22-foundations-of-forensic-social-work-module-2-video-plan-transcript.docx,application/vnd.openxmlformats-officedocument.wordprocessingml.document,39182,e797b740edecb92e82aa82b214b090e0f7dd9677be466d14a0a088b822a7afc2,1.0.0,en,in_review
22,SWP-022,foundations-of-forensic-social-work,School of Criminal Justice & Forensic Social Work,3,Foundations of Forensic Social Work module 3 video plan and transcript DOCX,transcript,docx/22-foundations-of-forensic-social-work-module-3-video-plan-transcript.docx,application/vnd.openxmlformats-officedocument.wordprocessingml.document,39180,cae243a3aa1165b2fedfb4b7bcd256d5a4a15a2f13dc9ace808e0efeb544a897,1.0.0,en,in_review
23,SWP-023,diversion-programs-and-restorative-justice,School of Criminal Justice & Forensic Social Work,,Diversion Programs & Restorative Justice learner guide DOCX,learner_guide,docx/23-diversion-programs-and-restorative-justice-learner-guide.docx,application/vnd.openxmlformats-officedocument.wordprocessingml.document,39780,b1cda3e0fb66dd0f1fcb8721d13e6419949d51347ac7941732e2319a3cf151b5,1.0.0,en,in_review
23,SWP-023,diversion-programs-and-restorative-justice,School of Criminal Justice & Forensic Social Work,,Diversion Programs & Restorative Justice learner guide PDF,learner_guide,pdf/23-diversion-programs-and-restorative-justice-learner-guide.pdf,application/pdf,9191,a5fea1844477cef626944231af8de432bb43d048423c1d7a97bf8a68819aa8bd,1.0.0,en,in_review
23,SWP-023,diversion-programs-and-restorative-justice,School of Criminal Justice & Forensic Social Work,,Diversion Programs & Restorative Justice slide deck PPTX,slides,pptx/23-diversion-programs-and-restorative-justice-course-deck.pptx,application/vnd.openxmlformats-officedocument.presentationml.presentation,2354029,95c0605a7b84c244abfff42950a398c1546fb65b4ffd08ba6ef7c4e68d017339,1.0.0,en,in_review
23,SWP-023,diversion-programs-and-restorative-justice,School of Criminal Justice & Forensic Social Work,,Diversion Programs & Restorative Justice practice worksheet DOCX,worksheet,docx/23-diversion-programs-and-restorative-justice-practice-worksheet.docx,application/vnd.openxmlformats-officedocument.wordprocessingml.document,38928,421b57fbae8cfd7a0cc52e5600898237b2d2be3006a4188716a484fa1a9e5bb3,1.0.0,en,in_review
23,SWP-023,diversion-programs-and-restorative-justice,School of Criminal Justice & Forensic Social Work,,Diversion Programs & Restorative Justice practice worksheet PDF,worksheet,pdf/23-diversion-programs-and-restorative-justice-practice-worksheet.pdf,application/pdf,4463,bb8893a32866eb99b68aa6caef0912ef2112a04c1a123867dee41c422c0825f9,1.0.0,en,in_review
23,SWP-023,diversion-programs-and-restorative-justice,School of Criminal Justice & Forensic Social Work,1,Diversion Programs & Restorative Justice module 1 video plan and transcript DOCX,transcript,docx/23-diversion-programs-and-restorative-justice-module-1-video-plan-transcript.docx,application/vnd.openxmlformats-officedocument.wordprocessingml.document,39172,782e7dc9b4fb9b763c9e78708a17156c24881d3ee654409e58b2a6d029e90988,1.0.0,en,in_review
23,SWP-023,diversion-programs-and-restorative-justice,School of Criminal Justice & Forensic Social Work,2,Diversion Programs & Restorative Justice module 2 video plan and transcript DOCX,transcript,docx/23-diversion-programs-and-restorative-justice-module-2-video-plan-transcript.docx,application/vnd.openxmlformats-officedocument.wordprocessingml.document,39188,b33e8573a1cc8013efac65fc33ec5097cd95ab969ef5043d9b2ea3e719d1e6d3,1.0.0,en,in_review
23,SWP-023,diversion-programs-and-restorative-justice,School of Criminal Justice & Forensic Social Work,3,Diversion Programs & Restorative Justice module 3 video plan and transcript DOCX,transcript,docx/23-diversion-programs-and-restorative-justice-module-3-video-plan-transcript.docx,application/vnd.openxmlformats-officedocument.wordprocessingml.document,39178,2d4ccd9299ffdebf9650425fd29f14c128f08026f181b1533ce5cd5c94314f49,1.0.0,en,in_review
24,SWP-024,reentry-planning-and-community-reintegration,School of Criminal Justice & Forensic Social Work,,Reentry Planning & Community Reintegration learner guide DOCX,learner_guide,docx/24-reentry-planning-and-community-reintegration-learner-guide.docx,application/vnd.openxmlformats-officedocument.wordprocessingml.document,39814,7a97fbafae87a509cd390557969bab79fa52a7bc41c6f1803c8c8dca5a255360,1.0.0,en,in_review
24,SWP-024,reentry-planning-and-community-reintegration,School of Criminal Justice & Forensic Social Work,,Reentry Planning & Community Reintegration learner guide PDF,learner_guide,pdf/24-reentry-planning-and-community-reintegration-learner-guide.pdf,application/pdf,9302,d0ec8eba8db096b9b738f962e02e474f06c421b96b3f3b50bd6c8bdb1a54429e,1.0.0,en,in_review
24,SWP-024,reentry-planning-and-community-reintegration,School of Criminal Justice & Forensic Social Work,,Reentry Planning & Community Reintegration slide deck PPTX,slides,pptx/24-reentry-planning-and-community-reintegration-course-deck.pptx,application/vnd.openxmlformats-officedocument.presentationml.presentation,2354058,7451a0d97d8f354469e2954f140fc5163002caca97784f4075c7af4875666f79,1.0.0,en,in_review
24,SWP-024,reentry-planning-and-community-reintegration,School of Criminal Justice & Forensic Social Work,,Reentry Planning & Community Reintegration practice worksheet DOCX,worksheet,docx/24-reentry-planning-and-community-reintegration-practice-worksheet.docx,application/vnd.openxmlformats-officedocument.wordprocessingml.document,38918,b96542fd54de4e14c9b6adad279c71012bdc7e1826220dc69624c74b6d3b6bb7,1.0.0,en,in_review
24,SWP-024,reentry-planning-and-community-reintegration,School of Criminal Justice & Forensic Social Work,,Reentry Planning & Community Reintegration practice worksheet PDF,worksheet,pdf/24-reentry-planning-and-community-reintegration-practice-worksheet.pdf,application/pdf,4449,3e1cae2b84931b9edff1508efe092664eb41f786b6df6dc022843510330c44dc,1.0.0,en,in_review
24,SWP-024,reentry-planning-and-community-reintegration,School of Criminal Justice & Forensic Social Work,1,Reentry Planning & Community Reintegration module 1 video plan and transcript DOCX,transcript,docx/24-reentry-planning-and-community-reintegration-module-1-video-plan-transcript.docx,application/vnd.openxmlformats-officedocument.wordprocessingml.document,39191,f5b8aa7d3ed6f94ad9f7a7c00fe9c3da25c1a33e8b16ad2ec9ab014e0c0a717e,1.0.0,en,in_review
24,SWP-024,reentry-planning-and-community-reintegration,School of Criminal Justice & Forensic Social Work,2,Reentry Planning & Community Reintegration module 2 video plan and transcript DOCX,transcript,docx/24-reentry-planning-and-community-reintegration-module-2-video-plan-transcript.docx,application/vnd.openxmlformats-officedocument.wordprocessingml.document,39188,659fd8ee2b4139dfaf41f7dc8ce976ba3a150e9a85523b6c5c3ad3fe6cb65b51,1.0.0,en,in_review
24,SWP-024,reentry-planning-and-community-reintegration,School of Criminal Justice & Forensic Social Work,3,Reentry Planning & Community Reintegration module 3 video plan and transcript DOCX,transcript,docx/24-reentry-planning-and-community-reintegration-module-3-video-plan-transcript.docx,application/vnd.openxmlformats-officedocument.wordprocessingml.document,39182,2bdfcc9decc61aacb61340e25a1aacf2be18b365d9332007239ab8ee6ccd119f,1.0.0,en,in_review
25,SWP-025,disaster-preparedness-and-response-planning,School of Disaster Response & Crisis Intervention,,Disaster Preparedness & Response Planning learner guide DOCX,learner_guide,docx/25-disaster-preparedness-and-response-planning-learner-guide.docx,application/vnd.openxmlformats-officedocument.wordprocessingml.document,39763,6e1678674522e4c76b312f7b5a428d23ebda210bcacdf68fe6ab8fb5b7d5c817,1.0.0,en,in_review
25,SWP-025,disaster-preparedness-and-response-planning,School of Disaster Response & Crisis Intervention,,Disaster Preparedness & Response Planning learner guide PDF,learner_guide,pdf/25-disaster-preparedness-and-response-planning-learner-guide.pdf,application/pdf,9190,882b559bf1c7e60192ad4a70092f5fe047c8445d72b9143e1c3ebb0417deb26e,1.0.0,en,in_review
25,SWP-025,disaster-preparedness-and-response-planning,School of Disaster Response & Crisis Intervention,,Disaster Preparedness & Response Planning slide deck PPTX,slides,pptx/25-disaster-preparedness-and-response-planning-course-deck.pptx,application/vnd.openxmlformats-officedocument.presentationml.presentation,2354015,de3ab1f816b69d65b06667db62f46dc987735573c868b45635cbea4939ce4daf,1.0.0,en,in_review
25,SWP-025,disaster-preparedness-and-response-planning,School of Disaster Response & Crisis Intervention,,Disaster Preparedness & Response Planning practice worksheet DOCX,worksheet,docx/25-disaster-preparedness-and-response-planning-practice-worksheet.docx,application/vnd.openxmlformats-officedocument.wordprocessingml.document,38919,c97bad4dca8dc7fe941f48025be546acb8f9ce0f7ae241a5ab1be03ba90652e0,1.0.0,en,in_review
25,SWP-025,disaster-preparedness-and-response-planning,School of Disaster Response & Crisis Intervention,,Disaster Preparedness & Response Planning practice worksheet PDF,worksheet,pdf/25-disaster-preparedness-and-response-planning-practice-worksheet.pdf,application/pdf,4452,ce71783b32c614105c5f5fb6101c9923a9edf69d34126ed9314c76ecb359a957,1.0.0,en,in_review
25,SWP-025,disaster-preparedness-and-response-planning,School of Disaster Response & Crisis Intervention,1,Disaster Preparedness & Response Planning module 1 video plan and transcript DOCX,transcript,docx/25-disaster-preparedness-and-response-planning-module-1-video-plan-transcript.docx,application/vnd.openxmlformats-officedocument.wordprocessingml.document,39171,7ad628ef10ef82ae0cc8d1d9b87fff241448038679767a845873d648e5e6a821,1.0.0,en,in_review
25,SWP-025,disaster-preparedness-and-response-planning,School of Disaster Response & Crisis Intervention,2,Disaster Preparedness & Response Planning module 2 video plan and transcript DOCX,transcript,docx/25-disaster-preparedness-and-response-planning-module-2-video-plan-transcript.docx,application/vnd.openxmlformats-officedocument.wordprocessingml.document,39169,e6011dec1955d3e4c9e51e933ba7fd945d4a9e2f298015b9af30c925d69603b2,1.0.0,en,in_review
25,SWP-025,disaster-preparedness-and-response-planning,School of Disaster Response & Crisis Intervention,3,Disaster Preparedness & Response Planning module 3 video plan and transcript DOCX,transcript,docx/25-disaster-preparedness-and-response-planning-module-3-video-plan-transcript.docx,application/vnd.openxmlformats-officedocument.wordprocessingml.document,39183,736662ec9e1a3c0c73b45a7a80be437987a5828980e79f8d807a57e9471edf24,1.0.0,en,in_review
26,SWP-026,psychological-first-aid,School of Disaster Response & Crisis Intervention,,Psychological First Aid learner guide DOCX,learner_guide,docx/26-psychological-first-aid-learner-guide.docx,application/vnd.openxmlformats-officedocument.wordprocessingml.document,39792,7e6d69cef69a72f3664e08689cd22a25e7c9d10c3e9eafcbd780c01f72faab34,1.0.0,en,in_review
26,SWP-026,psychological-first-aid,School of Disaster Response & Crisis Intervention,,Psychological First Aid learner guide PDF,learner_guide,pdf/26-psychological-first-aid-learner-guide.pdf,application/pdf,9227,4f94257859fd47fcbd0adf89ede03cdc88e00eb709c5e7493278c139f4d84289,1.0.0,en,in_review
26,SWP-026,psychological-first-aid,School of Disaster Response & Crisis Intervention,,Psychological First Aid slide deck PPTX,slides,pptx/26-psychological-first-aid-course-deck.pptx,application/vnd.openxmlformats-officedocument.presentationml.presentation,2354046,2dd18ce5f21fd6ee5e84b9b0899e2696e8cb0851df27341c8e63a00720c3120f,1.0.0,en,in_review
26,SWP-026,psychological-first-aid,School of Disaster Response & Crisis Intervention,,Psychological First Aid practice worksheet DOCX,worksheet,docx/26-psychological-first-aid-practice-worksheet.docx,application/vnd.openxmlformats-officedocument.wordprocessingml.document,38897,76fe7affb130da6c2a26b3e24c431e9e3247901d780233be29d91a2f9cb40da3,1.0.0,en,in_review
26,SWP-026,psychological-first-aid,School of Disaster Response & Crisis Intervention,,Psychological First Aid practice worksheet PDF,worksheet,pdf/26-psychological-first-aid-practice-worksheet.pdf,application/pdf,4406,6d75090a01d54ae3053285560052edc9531d34f93077f850f0121205444b0282,1.0.0,en,in_review
26,SWP-026,psychological-first-aid,School of Disaster Response & Crisis Intervention,1,Psychological First Aid module 1 video plan and transcript DOCX,transcript,docx/26-psychological-first-aid-module-1-video-plan-transcript.docx,application/vnd.openxmlformats-officedocument.wordprocessingml.document,39165,a05eb99a10395a9032ea0654560ee4f69253249981dbd688fe72e1ad2915b7f8,1.0.0,en,in_review
26,SWP-026,psychological-first-aid,School of Disaster Response & Crisis Intervention,2,Psychological First Aid module 2 video plan and transcript DOCX,transcript,docx/26-psychological-first-aid-module-2-video-plan-transcript.docx,application/vnd.openxmlformats-officedocument.wordprocessingml.document,39149,f694e99d55779cbd2c87cd9f651ea786a9e264de1221daf0466365ce03639f3a,1.0.0,en,in_review
26,SWP-026,psychological-first-aid,School of Disaster Response & Crisis Intervention,3,Psychological First Aid module 3 video plan and transcript DOCX,transcript,docx/26-psychological-first-aid-module-3-video-plan-transcript.docx,application/vnd.openxmlformats-officedocument.wordprocessingml.document,39158,9d269f04884244aaf74e16ce981c60372cc186102b684320c719e82bfe24ede8,1.0.0,en,in_review
27,SWP-027,long-term-disaster-recovery-support,School of Disaster Response & Crisis Intervention,,Long-Term Disaster Recovery Support learner guide DOCX,learner_guide,docx/27-long-term-disaster-recovery-support-learner-guide.docx,application/vnd.openxmlformats-officedocument.wordprocessingml.document,39791,1c3c19249fa096c46bee4055b6fc0ac66d2c4c343eec6aade82e121110dbe701,1.0.0,en,in_review
27,SWP-027,long-term-disaster-recovery-support,School of Disaster Response & Crisis Intervention,,Long-Term Disaster Recovery Support learner guide PDF,learner_guide,pdf/27-long-term-disaster-recovery-support-learner-guide.pdf,application/pdf,9205,9506fe15579cbc008335c494518645608486f701227c5cc9e6874cfa98e623a2,1.0.0,en,in_review
27,SWP-027,long-term-disaster-recovery-support,School of Disaster Response & Crisis Intervention,,Long-Term Disaster Recovery Support slide deck PPTX,slides,pptx/27-long-term-disaster-recovery-support-course-deck.pptx,application/vnd.openxmlformats-officedocument.presentationml.presentation,2354044,c355db14a1cbd2a7a4a9a334f3010e684063faaf313be37908677240b9f3f3cf,1.0.0,en,in_review
27,SWP-027,long-term-disaster-recovery-support,School of Disaster Response & Crisis Intervention,,Long-Term Disaster Recovery Support practice worksheet DOCX,worksheet,docx/27-long-term-disaster-recovery-support-practice-worksheet.docx,application/vnd.openxmlformats-officedocument.wordprocessingml.document,38914,3b0cd2e425e06e90ed9101485c2fb81535f883728e5db6d53601ab4f8a09a8c4,1.0.0,en,in_review
27,SWP-027,long-term-disaster-recovery-support,School of Disaster Response & Crisis Intervention,,Long-Term Disaster Recovery Support practice worksheet PDF,worksheet,pdf/27-long-term-disaster-recovery-support-practice-worksheet.pdf,application/pdf,4427,20ebfb90399cff887d262e6828a66c6767d6aad1e698056589d91fffb2ac1d48,1.0.0,en,in_review
27,SWP-027,long-term-disaster-recovery-support,School of Disaster Response & Crisis Intervention,1,Long-Term Disaster Recovery Support module 1 video plan and transcript DOCX,transcript,docx/27-long-term-disaster-recovery-support-module-1-video-plan-transcript.docx,application/vnd.openxmlformats-officedocument.wordprocessingml.document,39165,0aae7e449d98294543123ba564d52d71c2992f673fd3766edeae757b96e3b06d,1.0.0,en,in_review
27,SWP-027,long-term-disaster-recovery-support,School of Disaster Response & Crisis Intervention,2,Long-Term Disaster Recovery Support module 2 video plan and transcript DOCX,transcript,docx/27-long-term-disaster-recovery-support-module-2-video-plan-transcript.docx,application/vnd.openxmlformats-officedocument.wordprocessingml.document,39167,92bfb92bcae747b276bd6f0e74eb565efa576762041de83f199291e0d5cdf16c,1.0.0,en,in_review
27,SWP-027,long-term-disaster-recovery-support,School of Disaster Response & Crisis Intervention,3,Long-Term Disaster Recovery Support module 3 video plan and transcript DOCX,transcript,docx/27-long-term-disaster-recovery-support-module-3-video-plan-transcript.docx,application/vnd.openxmlformats-officedocument.wordprocessingml.document,39162,e552b2ea9e8fa7b0667e8fe434c0ed2317b41a498d422be58bbb9f31db3ebe96,1.0.0,en,in_review
28,SWP-028,policy-analysis-fundamentals,School of Social Policy & Advocacy,,Policy Analysis Fundamentals learner guide DOCX,learner_guide,docx/28-policy-analysis-fundamentals-learner-guide.docx,application/vnd.openxmlformats-officedocument.wordprocessingml.document,39762,d7bf1ccdc0336b817bf876b44722e9b7a158739b233e238e2c293b69f800285a,1.0.0,en,in_review
28,SWP-028,policy-analysis-fundamentals,School of Social Policy & Advocacy,,Policy Analysis Fundamentals learner guide PDF,learner_guide,pdf/28-policy-analysis-fundamentals-learner-guide.pdf,application/pdf,9112,4ac12c40ed12b32db63d13dc505eb0bdf063c2a505b0cd1ef9fafb216d292f21,1.0.0,en,in_review
28,SWP-028,policy-analysis-fundamentals,School of Social Policy & Advocacy,,Policy Analysis Fundamentals slide deck PPTX,slides,pptx/28-policy-analysis-fundamentals-course-deck.pptx,application/vnd.openxmlformats-officedocument.presentationml.presentation,2354016,69baedd0d12ea858600ba73fb369feee92e4e99f56e4d46467cc474d781c6ac4,1.0.0,en,in_review
28,SWP-028,policy-analysis-fundamentals,School of Social Policy & Advocacy,,Policy Analysis Fundamentals practice worksheet DOCX,worksheet,docx/28-policy-analysis-fundamentals-practice-worksheet.docx,application/vnd.openxmlformats-officedocument.wordprocessingml.document,38896,ad48a3a46f5d2856b6ba94a7b7ba0b046a1314b2b0fa2f8434e8f2b9a6282a6c,1.0.0,en,in_review
28,SWP-028,policy-analysis-fundamentals,School of Social Policy & Advocacy,,Policy Analysis Fundamentals practice worksheet PDF,worksheet,pdf/28-policy-analysis-fundamentals-practice-worksheet.pdf,application/pdf,4408,43811e2c3f09ba694b54e4a0badf09f0f4397527862366881a201746aa8538cb,1.0.0,en,in_review
28,SWP-028,policy-analysis-fundamentals,School of Social Policy & Advocacy,1,Policy Analysis Fundamentals module 1 video plan and transcript DOCX,transcript,docx/28-policy-analysis-fundamentals-module-1-video-plan-transcript.docx,application/vnd.openxmlformats-officedocument.wordprocessingml.document,39158,bbbf612168b74123a15c12f3b1cfae02dce5e5c53ace7625a0a9afca531639a9,1.0.0,en,in_review
28,SWP-028,policy-analysis-fundamentals,School of Social Policy & Advocacy,2,Policy Analysis Fundamentals module 2 video plan and transcript DOCX,transcript,docx/28-policy-analysis-fundamentals-module-2-video-plan-transcript.docx,application/vnd.openxmlformats-officedocument.wordprocessingml.document,39174,53aa1439002c9f62acec9c1c1e7efcee1476876ee5e801eba8acc11af3a47e82,1.0.0,en,in_review
28,SWP-028,policy-analysis-fundamentals,School of Social Policy & Advocacy,3,Policy Analysis Fundamentals module 3 video plan and transcript DOCX,transcript,docx/28-policy-analysis-fundamentals-module-3-video-plan-transcript.docx,application/vnd.openxmlformats-officedocument.wordprocessingml.document,39163,545bc20b914bb56e2d460adae000741a627be29df03abe380c2e624f654b7eda,1.0.0,en,in_review
29,SWP-029,legislative-advocacy-and-coalition-building,School of Social Policy & Advocacy,,Legislative Advocacy & Coalition Building learner guide DOCX,learner_guide,docx/29-legislative-advocacy-and-coalition-building-learner-guide.docx,application/vnd.openxmlformats-officedocument.wordprocessingml.document,39776,c076614cb4df427a2326a27194a85dcd177519f88be75fccc52e121d06c45801,1.0.0,en,in_review
29,SWP-029,legislative-advocacy-and-coalition-building,School of Social Policy & Advocacy,,Legislative Advocacy & Coalition Building learner guide PDF,learner_guide,pdf/29-legislative-advocacy-and-coalition-building-learner-guide.pdf,application/pdf,9197,6a83cd5040026cfa6a251afd4c9217176a9f4eb289c0caa0333b951f7bdf482c,1.0.0,en,in_review
29,SWP-029,legislative-advocacy-and-coalition-building,School of Social Policy & Advocacy,,Legislative Advocacy & Coalition Building slide deck PPTX,slides,pptx/29-legislative-advocacy-and-coalition-building-course-deck.pptx,application/vnd.openxmlformats-officedocument.presentationml.presentation,2354038,1e6e3d0318a0e7dda52775c181abc1e45cb2a021872e31f3fa824a0273362541,1.0.0,en,in_review
29,SWP-029,legislative-advocacy-and-coalition-building,School of Social Policy & Advocacy,,Legislative Advocacy & Coalition Building practice worksheet DOCX,worksheet,docx/29-legislative-advocacy-and-coalition-building-practice-worksheet.docx,application/vnd.openxmlformats-officedocument.wordprocessingml.document,38928,d12c7ce2e047a7ed20716ee8ca4f438c96983086cbda2aba7bd2e880994d13f6,1.0.0,en,in_review
29,SWP-029,legislative-advocacy-and-coalition-building,School of Social Policy & Advocacy,,Legislative Advocacy & Coalition Building practice worksheet PDF,worksheet,pdf/29-legislative-advocacy-and-coalition-building-practice-worksheet.pdf,application/pdf,4477,768f62089cfc150813d2e959c8a7c3414f1a3d3bc377a9e5350d3053daff9e42,1.0.0,en,in_review
29,SWP-029,legislative-advocacy-and-coalition-building,School of Social Policy & Advocacy,1,Legislative Advocacy & Coalition Building module 1 video plan and transcript DOCX,transcript,docx/29-legislative-advocacy-and-coalition-building-module-1-video-plan-transcript.docx,application/vnd.openxmlformats-officedocument.wordprocessingml.document,39188,852999a143cdc5e2fa6ee4f905195fcc73b847ecc1af0055007c467706a89668,1.0.0,en,in_review
29,SWP-029,legislative-advocacy-and-coalition-building,School of Social Policy & Advocacy,2,Legislative Advocacy & Coalition Building module 2 video plan and transcript DOCX,transcript,docx/29-legislative-advocacy-and-coalition-building-module-2-video-plan-transcript.docx,application/vnd.openxmlformats-officedocument.wordprocessingml.document,39192,bba21cc3a1ffef5a11d2f161fdda396d5c855619bcd1c5211f82fe2c9c515453,1.0.0,en,in_review
29,SWP-029,legislative-advocacy-and-coalition-building,School of Social Policy & Advocacy,3,Legislative Advocacy & Coalition Building module 3 video plan and transcript DOCX,transcript,docx/29-legislative-advocacy-and-coalition-building-module-3-video-plan-transcript.docx,application/vnd.openxmlformats-officedocument.wordprocessingml.document,39198,5dfc4ad76a5d8c809596e9a4a98cb38972663459f297b588e865b2b9babcf1d2,1.0.0,en,in_review
30,SWP-030,using-data-to-drive-policy-change,School of Social Policy & Advocacy,,Using Data to Drive Policy Change learner guide DOCX,learner_guide,docx/30-using-data-to-drive-policy-change-learner-guide.docx,application/vnd.openxmlformats-officedocument.wordprocessingml.document,39771,ba945c441f58c83aac5354a2f6d51aadc7e299eada4e6a497d4cf4317973b8f3,1.0.0,en,in_review
30,SWP-030,using-data-to-drive-policy-change,School of Social Policy & Advocacy,,Using Data to Drive Policy Change learner guide PDF,learner_guide,pdf/30-using-data-to-drive-policy-change-learner-guide.pdf,application/pdf,9165,d4a32da2e8a087eb6d97666a7884a1becd2af2fd93c7331783bad96b9e681aa5,1.0.0,en,in_review
30,SWP-030,using-data-to-drive-policy-change,School of Social Policy & Advocacy,,Using Data to Drive Policy Change slide deck PPTX,slides,pptx/30-using-data-to-drive-policy-change-course-deck.pptx,application/vnd.openxmlformats-officedocument.presentationml.presentation,2354016,ac95872788cf1db673ed61e5e1a45462d7e3479ae8e2f76e1141588c71bb1385,1.0.0,en,in_review
30,SWP-030,using-data-to-drive-policy-change,School of Social Policy & Advocacy,,Using Data to Drive Policy Change practice worksheet DOCX,worksheet,docx/30-using-data-to-drive-policy-change-practice-worksheet.docx,application/vnd.openxmlformats-officedocument.wordprocessingml.document,38904,852b62748218630d4bb9057da8a39d3cf3a258a31067a6acbd993a033124c3c7,1.0.0,en,in_review
30,SWP-030,using-data-to-drive-policy-change,School of Social Policy & Advocacy,,Using Data to Drive Policy Change practice worksheet PDF,worksheet,pdf/30-using-data-to-drive-policy-change-practice-worksheet.pdf,application/pdf,4424,3e5ac00ee0c71a4514ef283e9ebaa988614edf0aae452e97b636e9195d5efa19,1.0.0,en,in_review
30,SWP-030,using-data-to-drive-policy-change,School of Social Policy & Advocacy,1,Using Data to Drive Policy Change module 1 video plan and transcript DOCX,transcript,docx/30-using-data-to-drive-policy-change-module-1-video-plan-transcript.docx,application/vnd.openxmlformats-officedocument.wordprocessingml.document,39176,2b66b673940df76703df15b8be2aa5d5818df52798e77b9f6ce815850c0b6f31,1.0.0,en,in_review
30,SWP-030,using-data-to-drive-policy-change,School of Social Policy & Advocacy,2,Using Data to Drive Policy Change module 2 video plan and transcript DOCX,transcript,docx/30-using-data-to-drive-policy-change-module-2-video-plan-transcript.docx,application/vnd.openxmlformats-officedocument.wordprocessingml.document,39166,b5f35cfe67cb2fc28347f2d18e51d19f6c2795245415b3144d032fb7e63a78b5,1.0.0,en,in_review
30,SWP-030,using-data-to-drive-policy-change,School of Social Policy & Advocacy,3,Using Data to Drive Policy Change module 3 video plan and transcript DOCX,transcript,docx/30-using-data-to-drive-policy-change-module-3-video-plan-transcript.docx,application/vnd.openxmlformats-officedocument.wordprocessingml.document,39165,bcecc1019873cda29876c6164b91368aaa5a110be2e666b087cd70a62376b18b,1.0.0,en,in_review
